model,product,file_path,expected_date,raw_text,predicted_date,status,is_correct,processing_time_sec
EasyOCR,rulaad,/Users/reimozukker/Documents/tooteliin/rulaad/date/takt_10_s1_date.png,15.03.2026,"26,+ <:",NA,tuvastamata,0,0.098050
EasyOCR,rulaad,/Users/reimozukker/Documents/tooteliin/rulaad/date/takt_10_s2_date.png,15.03.2026,,NA,tuvastamata,0,0.098050
EasyOCR,rulaad,/Users/reimozukker/Documents/tooteliin/rulaad/date/takt_10_s3_date.png,15.03.2026,1503 2026,15.03.2026,oige,1,0.098050
EasyOCR,rulaad,/Users/reimozukker/Documents/tooteliin/rulaad/date/takt_10_s4_date.png,15.03.2026,15 03.2026,15.03.2026,oige,1,0.098050
EasyOCR,rulaad,/Users/reimozukker/Documents/tooteliin/rulaad/date/takt_11_s1_date.png,15.03.2026,16127_;0,NA,tuvastamata,0,0.014943
EasyOCR,rulaad,/Users/reimozukker/Documents/tooteliin/rulaad/date/takt_11_s2_date.png,15.03.2026,,NA,tuvastamata,0,0.014943
EasyOCR,rulaad,/Users/reimozukker/Documents/tooteliin/rulaad/date/takt_11_s3_date.png,15.03.2026,T5.U22626,NA,tuvastamata,0,0.014943
EasyOCR,rulaad,/Users/reimozukker/Documents/tooteliin/rulaad/date/takt_11_s4_date.png,15.03.2026,10,NA,tuvastamata,0,0.014943
EasyOCR,rulaad,/Users/reimozukker/Documents/tooteliin/rulaad/date/takt_12_s1_date.png,15.03.2026,n,NA,tuvastamata,0,0.015374
EasyOCR,rulaad,/Users/reimozukker/Documents/tooteliin/rulaad/date/takt_12_s2_date.png,15.03.2026,L0G,NA,tuvastamata,0,0.015374
EasyOCR,rulaad,/Users/reimozukker/Documents/tooteliin/rulaad/date/takt_12_s3_date.png,15.03.2026,1503 2026,15.03.2026,oige,1,0.015374
EasyOCR,rulaad,/Users/reimozukker/Documents/tooteliin/rulaad/date/takt_12_s4_date.png,15.03.2026,15.03 2026,15.03.2026,oige,1,0.015374
EasyOCR,rulaad,/Users/reimozukker/Documents/tooteliin/rulaad/date/takt_13_s1_date.png,15.03.2026,4,NA,tuvastamata,0,0.014685
EasyOCR,rulaad,/Users/reimozukker/Documents/tooteliin/rulaad/date/takt_13_s2_date.png,15.03.2026,,NA,tuvastamata,0,0.014685
EasyOCR,rulaad,/Users/reimozukker/Documents/tooteliin/rulaad/date/takt_13_s3_date.png,15.03.2026,1503 2u26,NA,tuvastamata,0,0.014685
EasyOCR,rulaad,/Users/reimozukker/Documents/tooteliin/rulaad/date/takt_13_s4_date.png,15.03.2026,1501.2026,15.01.2026,vale,0,0.014685
EasyOCR,rulaad,/Users/reimozukker/Documents/tooteliin/rulaad/date/takt_14_s1_date.png,15.03.2026,"{502, ",NA,tuvastamata,0,0.016187
EasyOCR,rulaad,/Users/reimozukker/Documents/tooteliin/rulaad/date/takt_14_s2_date.png,15.03.2026,^a,NA,tuvastamata,0,0.016187
EasyOCR,rulaad,/Users/reimozukker/Documents/tooteliin/rulaad/date/takt_14_s3_date.png,15.03.2026,1542.7026,15.12.7026,vale,0,0.016187
EasyOCR,rulaad,/Users/reimozukker/Documents/tooteliin/rulaad/date/takt_14_s4_date.png,15.03.2026,1501.2028,15.01.2028,vale,0,0.016187
EasyOCR,rulaad,/Users/reimozukker/Documents/tooteliin/rulaad/date/takt_15_s1_date.png,15.03.2026,73,NA,tuvastamata,0,0.027513
EasyOCR,rulaad,/Users/reimozukker/Documents/tooteliin/rulaad/date/takt_15_s2_date.png,15.03.2026,7Z,NA,tuvastamata,0,0.027513
EasyOCR,rulaad,/Users/reimozukker/Documents/tooteliin/rulaad/date/takt_15_s3_date.png,15.03.2026,TDULUL 15 03 2026,NA,tuvastamata,0,0.027513
EasyOCR,rulaad,/Users/reimozukker/Documents/tooteliin/rulaad/date/takt_15_s4_date.png,15.03.2026,150JRL_,NA,tuvastamata,0,0.027513
EasyOCR,rulaad,/Users/reimozukker/Documents/tooteliin/rulaad/date/takt_16_s1_date.png,15.03.2026,20/,NA,tuvastamata,0,0.013634
EasyOCR,rulaad,/Users/reimozukker/Documents/tooteliin/rulaad/date/takt_16_s2_date.png,15.03.2026,,NA,tuvastamata,0,0.013634
EasyOCR,rulaad,/Users/reimozukker/Documents/tooteliin/rulaad/date/takt_16_s3_date.png,15.03.2026,75 032026,75.03.2026,vale,0,0.013634
EasyOCR,rulaad,/Users/reimozukker/Documents/tooteliin/rulaad/date/takt_16_s4_date.png,15.03.2026,I5032026,15.03.2026,oige,1,0.013634
EasyOCR,rulaad,/Users/reimozukker/Documents/tooteliin/rulaad/date/takt_17_s1_date.png,15.03.2026,159370) /6,NA,tuvastamata,0,0.016244
EasyOCR,rulaad,/Users/reimozukker/Documents/tooteliin/rulaad/date/takt_17_s2_date.png,15.03.2026,Lnu,NA,tuvastamata,0,0.016244
EasyOCR,rulaad,/Users/reimozukker/Documents/tooteliin/rulaad/date/takt_17_s3_date.png,15.03.2026,2026,NA,tuvastamata,0,0.016244
EasyOCR,rulaad,/Users/reimozukker/Documents/tooteliin/rulaad/date/takt_17_s4_date.png,15.03.2026,1501.2026,15.01.2026,vale,0,0.016244
EasyOCR,rulaad,/Users/reimozukker/Documents/tooteliin/rulaad/date/takt_18_s1_date.png,15.03.2026,6,NA,tuvastamata,0,0.017221
EasyOCR,rulaad,/Users/reimozukker/Documents/tooteliin/rulaad/date/takt_18_s2_date.png,15.03.2026,037076,NA,tuvastamata,0,0.017221
EasyOCR,rulaad,/Users/reimozukker/Documents/tooteliin/rulaad/date/takt_18_s3_date.png,15.03.2026,"054,2026",NA,tuvastamata,0,0.017221
EasyOCR,rulaad,/Users/reimozukker/Documents/tooteliin/rulaad/date/takt_18_s4_date.png,15.03.2026,15v3.2026,NA,tuvastamata,0,0.017221
EasyOCR,rulaad,/Users/reimozukker/Documents/tooteliin/rulaad/date/takt_19_s1_date.png,15.03.2026,41 72029,NA,tuvastamata,0,0.019438
EasyOCR,rulaad,/Users/reimozukker/Documents/tooteliin/rulaad/date/takt_19_s2_date.png,15.03.2026,084,NA,tuvastamata,0,0.019438
EasyOCR,rulaad,/Users/reimozukker/Documents/tooteliin/rulaad/date/takt_19_s3_date.png,15.03.2026,1503.2026,15.03.2026,oige,1,0.019438
EasyOCR,rulaad,/Users/reimozukker/Documents/tooteliin/rulaad/date/takt_19_s4_date.png,15.03.2026,102uz6,NA,tuvastamata,0,0.019438
EasyOCR,rulaad,/Users/reimozukker/Documents/tooteliin/rulaad/date/takt_1_s1_date.png,15.03.2026,Fe ia26,NA,tuvastamata,0,0.015142
EasyOCR,rulaad,/Users/reimozukker/Documents/tooteliin/rulaad/date/takt_1_s2_date.png,15.03.2026,,NA,tuvastamata,0,0.015142
EasyOCR,rulaad,/Users/reimozukker/Documents/tooteliin/rulaad/date/takt_1_s3_date.png,15.03.2026,1501.2026,15.01.2026,vale,0,0.015142
EasyOCR,rulaad,/Users/reimozukker/Documents/tooteliin/rulaad/date/takt_1_s4_date.png,15.03.2026,15132u2L,NA,tuvastamata,0,0.015142
EasyOCR,rulaad,/Users/reimozukker/Documents/tooteliin/rulaad/date/takt_20_s1_date.png,15.03.2026,,NA,tuvastamata,0,0.011417
EasyOCR,rulaad,/Users/reimozukker/Documents/tooteliin/rulaad/date/takt_20_s2_date.png,15.03.2026,,NA,tuvastamata,0,0.011417
EasyOCR,rulaad,/Users/reimozukker/Documents/tooteliin/rulaad/date/takt_20_s3_date.png,15.03.2026,7503 2026,75.03.2026,vale,0,0.011417
EasyOCR,rulaad,/Users/reimozukker/Documents/tooteliin/rulaad/date/takt_20_s4_date.png,15.03.2026,15112026,15.11.2026,vale,0,0.011417
EasyOCR,rulaad,/Users/reimozukker/Documents/tooteliin/rulaad/date/takt_21_s1_date.png,15.03.2026,262 1^,NA,tuvastamata,0,0.015824
EasyOCR,rulaad,/Users/reimozukker/Documents/tooteliin/rulaad/date/takt_21_s2_date.png,15.03.2026,,NA,tuvastamata,0,0.015824
EasyOCR,rulaad,/Users/reimozukker/Documents/tooteliin/rulaad/date/takt_21_s3_date.png,15.03.2026,15.03 2026,15.03.2026,oige,1,0.015824
EasyOCR,rulaad,/Users/reimozukker/Documents/tooteliin/rulaad/date/takt_21_s4_date.png,15.03.2026,503202€,NA,tuvastamata,0,0.015824
EasyOCR,rulaad,/Users/reimozukker/Documents/tooteliin/rulaad/date/takt_22_s1_date.png,15.03.2026,I267 #,NA,tuvastamata,0,0.015066
EasyOCR,rulaad,/Users/reimozukker/Documents/tooteliin/rulaad/date/takt_22_s2_date.png,15.03.2026,,NA,tuvastamata,0,0.015066
EasyOCR,rulaad,/Users/reimozukker/Documents/tooteliin/rulaad/date/takt_22_s3_date.png,15.03.2026,"7503,2026",75.03.2026,vale,0,0.015066
EasyOCR,rulaad,/Users/reimozukker/Documents/tooteliin/rulaad/date/takt_22_s4_date.png,15.03.2026,15 J} /Uze,NA,tuvastamata,0,0.015066
EasyOCR,rulaad,/Users/reimozukker/Documents/tooteliin/rulaad/date/takt_2_s1_date.png,15.03.2026,CL,NA,tuvastamata,0,0.024772
EasyOCR,rulaad,/Users/reimozukker/Documents/tooteliin/rulaad/date/takt_2_s2_date.png,15.03.2026,,NA,tuvastamata,0,0.024772
EasyOCR,rulaad,/Users/reimozukker/Documents/tooteliin/rulaad/date/takt_2_s3_date.png,15.03.2026,mmuimur 7532026,NA,tuvastamata,0,0.024772
EasyOCR,rulaad,/Users/reimozukker/Documents/tooteliin/rulaad/date/takt_2_s4_date.png,15.03.2026,1543 _lman,NA,tuvastamata,0,0.024772
EasyOCR,rulaad,/Users/reimozukker/Documents/tooteliin/rulaad/date/takt_3_s1_date.png,15.03.2026,JLRua(,NA,tuvastamata,0,0.015114
EasyOCR,rulaad,/Users/reimozukker/Documents/tooteliin/rulaad/date/takt_3_s2_date.png,15.03.2026,,NA,tuvastamata,0,0.015114
EasyOCR,rulaad,/Users/reimozukker/Documents/tooteliin/rulaad/date/takt_3_s3_date.png,15.03.2026,15037026,15.03.7026,vale,0,0.015114
EasyOCR,rulaad,/Users/reimozukker/Documents/tooteliin/rulaad/date/takt_3_s4_date.png,15.03.2026,15 032026,15.03.2026,oige,1,0.015114
EasyOCR,rulaad,/Users/reimozukker/Documents/tooteliin/rulaad/date/takt_4_s1_date.png,15.03.2026,226,NA,tuvastamata,0,0.018001
EasyOCR,rulaad,/Users/reimozukker/Documents/tooteliin/rulaad/date/takt_4_s2_date.png,15.03.2026,0;i,NA,tuvastamata,0,0.018001
EasyOCR,rulaad,/Users/reimozukker/Documents/tooteliin/rulaad/date/takt_4_s3_date.png,15.03.2026,Zoze 1303,NA,tuvastamata,0,0.018001
EasyOCR,rulaad,/Users/reimozukker/Documents/tooteliin/rulaad/date/takt_4_s4_date.png,15.03.2026,1003026,NA,tuvastamata,0,0.018001
EasyOCR,rulaad,/Users/reimozukker/Documents/tooteliin/rulaad/date/takt_5_s1_date.png,15.03.2026,22,NA,tuvastamata,0,0.014548
EasyOCR,rulaad,/Users/reimozukker/Documents/tooteliin/rulaad/date/takt_5_s2_date.png,15.03.2026,,NA,tuvastamata,0,0.014548
EasyOCR,rulaad,/Users/reimozukker/Documents/tooteliin/rulaad/date/takt_5_s3_date.png,15.03.2026,1503.202,NA,tuvastamata,0,0.014548
EasyOCR,rulaad,/Users/reimozukker/Documents/tooteliin/rulaad/date/takt_5_s4_date.png,15.03.2026,15012026,15.01.2026,vale,0,0.014548
EasyOCR,rulaad,/Users/reimozukker/Documents/tooteliin/rulaad/date/takt_6_s1_date.png,15.03.2026,,NA,tuvastamata,0,0.011253
EasyOCR,rulaad,/Users/reimozukker/Documents/tooteliin/rulaad/date/takt_6_s2_date.png,15.03.2026,,NA,tuvastamata,0,0.011253
EasyOCR,rulaad,/Users/reimozukker/Documents/tooteliin/rulaad/date/takt_6_s3_date.png,15.03.2026,15032026,15.03.2026,oige,1,0.011253
EasyOCR,rulaad,/Users/reimozukker/Documents/tooteliin/rulaad/date/takt_6_s4_date.png,15.03.2026,1583 7026,15.03.7026,vale,0,0.011253
EasyOCR,rulaad,/Users/reimozukker/Documents/tooteliin/rulaad/date/takt_7_s1_date.png,15.03.2026,190 ; {146,NA,tuvastamata,0,0.013705
EasyOCR,rulaad,/Users/reimozukker/Documents/tooteliin/rulaad/date/takt_7_s2_date.png,15.03.2026,,NA,tuvastamata,0,0.013705
EasyOCR,rulaad,/Users/reimozukker/Documents/tooteliin/rulaad/date/takt_7_s3_date.png,15.03.2026,15 03.2026,15.03.2026,oige,1,0.013705
EasyOCR,rulaad,/Users/reimozukker/Documents/tooteliin/rulaad/date/takt_7_s4_date.png,15.03.2026,1503.2026,15.03.2026,oige,1,0.013705
EasyOCR,rulaad,/Users/reimozukker/Documents/tooteliin/rulaad/date/takt_8_s1_date.png,15.03.2026,047',NA,tuvastamata,0,0.016036
EasyOCR,rulaad,/Users/reimozukker/Documents/tooteliin/rulaad/date/takt_8_s2_date.png,15.03.2026,ozulm,NA,tuvastamata,0,0.016036
EasyOCR,rulaad,/Users/reimozukker/Documents/tooteliin/rulaad/date/takt_8_s3_date.png,15.03.2026,1503.2026,15.03.2026,oige,1,0.016036
EasyOCR,rulaad,/Users/reimozukker/Documents/tooteliin/rulaad/date/takt_8_s4_date.png,15.03.2026,"15.11,2676",15.11.2676,vale,0,0.016036
EasyOCR,rulaad,/Users/reimozukker/Documents/tooteliin/rulaad/date/takt_9_s1_date.png,15.03.2026,"072602""",NA,tuvastamata,0,0.014628
EasyOCR,rulaad,/Users/reimozukker/Documents/tooteliin/rulaad/date/takt_9_s2_date.png,15.03.2026,,NA,tuvastamata,0,0.014628
EasyOCR,rulaad,/Users/reimozukker/Documents/tooteliin/rulaad/date/takt_9_s3_date.png,15.03.2026,15012026,15.01.2026,vale,0,0.014628
EasyOCR,rulaad,/Users/reimozukker/Documents/tooteliin/rulaad/date/takt_9_s4_date.png,15.03.2026,15jizu2 .,NA,tuvastamata,0,0.014628
EasyOCR,kalkun,/Users/reimozukker/Documents/tooteliin/kalkun/date/takt_10_s1_date.png,15.03.2026,{03 .f,NA,tuvastamata,0,0.013814
EasyOCR,kalkun,/Users/reimozukker/Documents/tooteliin/kalkun/date/takt_10_s2_date.png,15.03.2026,,NA,tuvastamata,0,0.013814
EasyOCR,kalkun,/Users/reimozukker/Documents/tooteliin/kalkun/date/takt_10_s3_date.png,15.03.2026,"1503,2026",15.03.2026,oige,1,0.013814
EasyOCR,kalkun,/Users/reimozukker/Documents/tooteliin/kalkun/date/takt_10_s4_date.png,15.03.2026,026,NA,tuvastamata,0,0.013814
EasyOCR,kalkun,/Users/reimozukker/Documents/tooteliin/kalkun/date/takt_11_s1_date.png,15.03.2026,"155"" 106",NA,tuvastamata,0,0.018304
EasyOCR,kalkun,/Users/reimozukker/Documents/tooteliin/kalkun/date/takt_11_s2_date.png,15.03.2026,75no 70p6y,NA,tuvastamata,0,0.018304
EasyOCR,kalkun,/Users/reimozukker/Documents/tooteliin/kalkun/date/takt_11_s3_date.png,15.03.2026,1503.2026,15.03.2026,oige,1,0.018304
EasyOCR,kalkun,/Users/reimozukker/Documents/tooteliin/kalkun/date/takt_11_s4_date.png,15.03.2026,I 1126_,NA,tuvastamata,0,0.018304
EasyOCR,kalkun,/Users/reimozukker/Documents/tooteliin/kalkun/date/takt_12_s1_date.png,15.03.2026,VI50n2 41,NA,tuvastamata,0,0.017124
EasyOCR,kalkun,/Users/reimozukker/Documents/tooteliin/kalkun/date/takt_12_s2_date.png,15.03.2026,M,NA,tuvastamata,0,0.017124
EasyOCR,kalkun,/Users/reimozukker/Documents/tooteliin/kalkun/date/takt_12_s3_date.png,15.03.2026,15.03 2026,15.03.2026,oige,1,0.017124
EasyOCR,kalkun,/Users/reimozukker/Documents/tooteliin/kalkun/date/takt_12_s4_date.png,15.03.2026,0026 1348,00.16.1348,vale,0,0.017124
EasyOCR,kalkun,/Users/reimozukker/Documents/tooteliin/kalkun/date/takt_13_s1_date.png,15.03.2026,'^:,NA,tuvastamata,0,0.015792
EasyOCR,kalkun,/Users/reimozukker/Documents/tooteliin/kalkun/date/takt_13_s2_date.png,15.03.2026,,NA,tuvastamata,0,0.015792
EasyOCR,kalkun,/Users/reimozukker/Documents/tooteliin/kalkun/date/takt_13_s3_date.png,15.03.2026,73032026,73.03.2026,vale,0,0.015792
EasyOCR,kalkun,/Users/reimozukker/Documents/tooteliin/kalkun/date/takt_13_s4_date.png,15.03.2026,AUL 15 00Z6,NA,tuvastamata,0,0.015792
EasyOCR,kalkun,/Users/reimozukker/Documents/tooteliin/kalkun/date/takt_14_s1_date.png,15.03.2026,"{3r,:",NA,tuvastamata,0,0.013601
EasyOCR,kalkun,/Users/reimozukker/Documents/tooteliin/kalkun/date/takt_14_s2_date.png,15.03.2026,,NA,tuvastamata,0,0.013601
EasyOCR,kalkun,/Users/reimozukker/Documents/tooteliin/kalkun/date/takt_14_s3_date.png,15.03.2026,15.03 2026,15.03.2026,oige,1,0.013601
EasyOCR,kalkun,/Users/reimozukker/Documents/tooteliin/kalkun/date/takt_14_s4_date.png,15.03.2026,0026,NA,tuvastamata,0,0.013601
EasyOCR,kalkun,/Users/reimozukker/Documents/tooteliin/kalkun/date/takt_15_s1_date.png,15.03.2026,156;^ ,NA,tuvastamata,0,0.015920
EasyOCR,kalkun,/Users/reimozukker/Documents/tooteliin/kalkun/date/takt_15_s2_date.png,15.03.2026,,NA,tuvastamata,0,0.015920
EasyOCR,kalkun,/Users/reimozukker/Documents/tooteliin/kalkun/date/takt_15_s3_date.png,15.03.2026,"16,.03*2026",16.03.2026,vale,0,0.015920
EasyOCR,kalkun,/Users/reimozukker/Documents/tooteliin/kalkun/date/takt_15_s4_date.png,15.03.2026,Tin '026,NA,tuvastamata,0,0.015920
EasyOCR,kalkun,/Users/reimozukker/Documents/tooteliin/kalkun/date/takt_16_s1_date.png,15.03.2026,{T:lo4:,NA,tuvastamata,0,0.014855
EasyOCR,kalkun,/Users/reimozukker/Documents/tooteliin/kalkun/date/takt_16_s2_date.png,15.03.2026,no,NA,tuvastamata,0,0.014855
EasyOCR,kalkun,/Users/reimozukker/Documents/tooteliin/kalkun/date/takt_16_s3_date.png,15.03.2026,75 03.2026,75.03.2026,vale,0,0.014855
EasyOCR,kalkun,/Users/reimozukker/Documents/tooteliin/kalkun/date/takt_16_s4_date.png,15.03.2026,,NA,tuvastamata,0,0.014855
EasyOCR,kalkun,/Users/reimozukker/Documents/tooteliin/kalkun/date/takt_17_s1_date.png,15.03.2026,': 4,NA,tuvastamata,0,0.015840
EasyOCR,kalkun,/Users/reimozukker/Documents/tooteliin/kalkun/date/takt_17_s2_date.png,15.03.2026,560np6,NA,tuvastamata,0,0.015840
EasyOCR,kalkun,/Users/reimozukker/Documents/tooteliin/kalkun/date/takt_17_s3_date.png,15.03.2026,71503 2026,NA,tuvastamata,0,0.015840
EasyOCR,kalkun,/Users/reimozukker/Documents/tooteliin/kalkun/date/takt_17_s4_date.png,15.03.2026,14020z6,NA,tuvastamata,0,0.015840
EasyOCR,kalkun,/Users/reimozukker/Documents/tooteliin/kalkun/date/takt_18_s1_date.png,15.03.2026,93./,NA,tuvastamata,0,0.013743
EasyOCR,kalkun,/Users/reimozukker/Documents/tooteliin/kalkun/date/takt_18_s2_date.png,15.03.2026,,NA,tuvastamata,0,0.013743
EasyOCR,kalkun,/Users/reimozukker/Documents/tooteliin/kalkun/date/takt_18_s3_date.png,15.03.2026,15 03 2026,15.03.2026,oige,1,0.013743
EasyOCR,kalkun,/Users/reimozukker/Documents/tooteliin/kalkun/date/takt_18_s4_date.png,15.03.2026,4126,NA,tuvastamata,0,0.013743
EasyOCR,kalkun,/Users/reimozukker/Documents/tooteliin/kalkun/date/takt_19_s1_date.png,15.03.2026,160320/1,NA,tuvastamata,0,0.013715
EasyOCR,kalkun,/Users/reimozukker/Documents/tooteliin/kalkun/date/takt_19_s2_date.png,15.03.2026,,NA,tuvastamata,0,0.013715
EasyOCR,kalkun,/Users/reimozukker/Documents/tooteliin/kalkun/date/takt_19_s3_date.png,15.03.2026,77503.2026,NA,tuvastamata,0,0.013715
EasyOCR,kalkun,/Users/reimozukker/Documents/tooteliin/kalkun/date/takt_19_s4_date.png,15.03.2026,0zi,NA,tuvastamata,0,0.013715
EasyOCR,kalkun,/Users/reimozukker/Documents/tooteliin/kalkun/date/takt_1_s1_date.png,15.03.2026,'03 40/5,NA,tuvastamata,0,0.012468
EasyOCR,kalkun,/Users/reimozukker/Documents/tooteliin/kalkun/date/takt_1_s2_date.png,15.03.2026,,NA,tuvastamata,0,0.012468
EasyOCR,kalkun,/Users/reimozukker/Documents/tooteliin/kalkun/date/takt_1_s3_date.png,15.03.2026,"15.03,2026",15.03.2026,oige,1,0.012468
EasyOCR,kalkun,/Users/reimozukker/Documents/tooteliin/kalkun/date/takt_1_s4_date.png,15.03.2026,,NA,tuvastamata,0,0.012468
EasyOCR,kalkun,/Users/reimozukker/Documents/tooteliin/kalkun/date/takt_20_s1_date.png,15.03.2026,33.2.0,NA,tuvastamata,0,0.018011
EasyOCR,kalkun,/Users/reimozukker/Documents/tooteliin/kalkun/date/takt_20_s2_date.png,15.03.2026,Kn Au,NA,tuvastamata,0,0.018011
EasyOCR,kalkun,/Users/reimozukker/Documents/tooteliin/kalkun/date/takt_20_s3_date.png,15.03.2026,1503.2026,15.03.2026,oige,1,0.018011
EasyOCR,kalkun,/Users/reimozukker/Documents/tooteliin/kalkun/date/takt_20_s4_date.png,15.03.2026,15 Z0,NA,tuvastamata,0,0.018011
EasyOCR,kalkun,/Users/reimozukker/Documents/tooteliin/kalkun/date/takt_21_s1_date.png,15.03.2026,160:2 ;6,NA,tuvastamata,0,0.015850
EasyOCR,kalkun,/Users/reimozukker/Documents/tooteliin/kalkun/date/takt_21_s2_date.png,15.03.2026,,NA,tuvastamata,0,0.015850
EasyOCR,kalkun,/Users/reimozukker/Documents/tooteliin/kalkun/date/takt_21_s3_date.png,15.03.2026,1503.2026,15.03.2026,oige,1,0.015850
EasyOCR,kalkun,/Users/reimozukker/Documents/tooteliin/kalkun/date/takt_21_s4_date.png,15.03.2026,TSn 'Z6,NA,tuvastamata,0,0.015850
EasyOCR,kalkun,/Users/reimozukker/Documents/tooteliin/kalkun/date/takt_22_s1_date.png,15.03.2026,1'~14.',NA,tuvastamata,0,0.016102
EasyOCR,kalkun,/Users/reimozukker/Documents/tooteliin/kalkun/date/takt_22_s2_date.png,15.03.2026,Kj6un7u,NA,tuvastamata,0,0.016102
EasyOCR,kalkun,/Users/reimozukker/Documents/tooteliin/kalkun/date/takt_22_s3_date.png,15.03.2026,15032026,15.03.2026,oige,1,0.016102
EasyOCR,kalkun,/Users/reimozukker/Documents/tooteliin/kalkun/date/takt_22_s4_date.png,15.03.2026,05420z6,NA,tuvastamata,0,0.016102
EasyOCR,kalkun,/Users/reimozukker/Documents/tooteliin/kalkun/date/takt_23_s1_date.png,15.03.2026,107516,NA,tuvastamata,0,0.014856
EasyOCR,kalkun,/Users/reimozukker/Documents/tooteliin/kalkun/date/takt_23_s2_date.png,15.03.2026,,NA,tuvastamata,0,0.014856
EasyOCR,kalkun,/Users/reimozukker/Documents/tooteliin/kalkun/date/takt_23_s3_date.png,15.03.2026,"15 03,2026",15.03.2026,oige,1,0.014856
EasyOCR,kalkun,/Users/reimozukker/Documents/tooteliin/kalkun/date/takt_23_s4_date.png,15.03.2026,Ty 0,NA,tuvastamata,0,0.014856
EasyOCR,kalkun,/Users/reimozukker/Documents/tooteliin/kalkun/date/takt_24_s1_date.png,15.03.2026,"50"" 4146",NA,tuvastamata,0,0.014938
EasyOCR,kalkun,/Users/reimozukker/Documents/tooteliin/kalkun/date/takt_24_s2_date.png,15.03.2026,,NA,tuvastamata,0,0.014938
EasyOCR,kalkun,/Users/reimozukker/Documents/tooteliin/kalkun/date/takt_24_s3_date.png,15.03.2026,70: 2026,NA,tuvastamata,0,0.014938
EasyOCR,kalkun,/Users/reimozukker/Documents/tooteliin/kalkun/date/takt_24_s4_date.png,15.03.2026,17 026},NA,tuvastamata,0,0.014938
EasyOCR,kalkun,/Users/reimozukker/Documents/tooteliin/kalkun/date/takt_2_s1_date.png,15.03.2026,""":' :",NA,tuvastamata,0,0.013569
EasyOCR,kalkun,/Users/reimozukker/Documents/tooteliin/kalkun/date/takt_2_s2_date.png,15.03.2026,,NA,tuvastamata,0,0.013569
EasyOCR,kalkun,/Users/reimozukker/Documents/tooteliin/kalkun/date/takt_2_s3_date.png,15.03.2026,032026,NA,tuvastamata,0,0.013569
EasyOCR,kalkun,/Users/reimozukker/Documents/tooteliin/kalkun/date/takt_2_s4_date.png,15.03.2026,0Ze,NA,tuvastamata,0,0.013569
EasyOCR,kalkun,/Users/reimozukker/Documents/tooteliin/kalkun/date/takt_3_s1_date.png,15.03.2026,620:4' ^,NA,tuvastamata,0,0.015960
EasyOCR,kalkun,/Users/reimozukker/Documents/tooteliin/kalkun/date/takt_3_s2_date.png,15.03.2026,,NA,tuvastamata,0,0.015960
EasyOCR,kalkun,/Users/reimozukker/Documents/tooteliin/kalkun/date/takt_3_s3_date.png,15.03.2026,7305 2026,73.05.2026,vale,0,0.015960
EasyOCR,kalkun,/Users/reimozukker/Documents/tooteliin/kalkun/date/takt_3_s4_date.png,15.03.2026,Zi 5oJ,NA,tuvastamata,0,0.015960
EasyOCR,kalkun,/Users/reimozukker/Documents/tooteliin/kalkun/date/takt_4_s1_date.png,15.03.2026,:6,NA,tuvastamata,0,0.016025
EasyOCR,kalkun,/Users/reimozukker/Documents/tooteliin/kalkun/date/takt_4_s2_date.png,15.03.2026,{0rtt,NA,tuvastamata,0,0.016025
EasyOCR,kalkun,/Users/reimozukker/Documents/tooteliin/kalkun/date/takt_4_s3_date.png,15.03.2026,15 03 2026,15.03.2026,oige,1,0.016025
EasyOCR,kalkun,/Users/reimozukker/Documents/tooteliin/kalkun/date/takt_4_s4_date.png,15.03.2026,026,NA,tuvastamata,0,0.016025
EasyOCR,kalkun,/Users/reimozukker/Documents/tooteliin/kalkun/date/takt_5_s1_date.png,15.03.2026,"150813,",NA,tuvastamata,0,0.017299
EasyOCR,kalkun,/Users/reimozukker/Documents/tooteliin/kalkun/date/takt_5_s2_date.png,15.03.2026,46U40/6,NA,tuvastamata,0,0.017299
EasyOCR,kalkun,/Users/reimozukker/Documents/tooteliin/kalkun/date/takt_5_s3_date.png,15.03.2026,15032026,15.03.2026,oige,1,0.017299
EasyOCR,kalkun,/Users/reimozukker/Documents/tooteliin/kalkun/date/takt_5_s4_date.png,15.03.2026,05 027026,05.02.7026,vale,0,0.017299
EasyOCR,kalkun,/Users/reimozukker/Documents/tooteliin/kalkun/date/takt_6_s1_date.png,15.03.2026,'6 9675,NA,tuvastamata,0,0.016864
EasyOCR,kalkun,/Users/reimozukker/Documents/tooteliin/kalkun/date/takt_6_s2_date.png,15.03.2026,167,NA,tuvastamata,0,0.016864
EasyOCR,kalkun,/Users/reimozukker/Documents/tooteliin/kalkun/date/takt_6_s3_date.png,15.03.2026,1503.2026,15.03.2026,oige,1,0.016864
EasyOCR,kalkun,/Users/reimozukker/Documents/tooteliin/kalkun/date/takt_6_s4_date.png,15.03.2026,15 C0,NA,tuvastamata,0,0.016864
EasyOCR,kalkun,/Users/reimozukker/Documents/tooteliin/kalkun/date/takt_7_s1_date.png,15.03.2026,R29: 6 ,NA,tuvastamata,0,0.015649
EasyOCR,kalkun,/Users/reimozukker/Documents/tooteliin/kalkun/date/takt_7_s2_date.png,15.03.2026,,NA,tuvastamata,0,0.015649
EasyOCR,kalkun,/Users/reimozukker/Documents/tooteliin/kalkun/date/takt_7_s3_date.png,15.03.2026,1503.2026,15.03.2026,oige,1,0.015649
EasyOCR,kalkun,/Users/reimozukker/Documents/tooteliin/kalkun/date/takt_7_s4_date.png,15.03.2026,15 Z0,NA,tuvastamata,0,0.015649
EasyOCR,kalkun,/Users/reimozukker/Documents/tooteliin/kalkun/date/takt_8_s1_date.png,15.03.2026,134,NA,tuvastamata,0,0.015929
EasyOCR,kalkun,/Users/reimozukker/Documents/tooteliin/kalkun/date/takt_8_s2_date.png,15.03.2026,13l 062090/,NA,tuvastamata,0,0.015929
EasyOCR,kalkun,/Users/reimozukker/Documents/tooteliin/kalkun/date/takt_8_s3_date.png,15.03.2026,79032026,79.03.2026,vale,0,0.015929
EasyOCR,kalkun,/Users/reimozukker/Documents/tooteliin/kalkun/date/takt_8_s4_date.png,15.03.2026,0026,NA,tuvastamata,0,0.015929
EasyOCR,kalkun,/Users/reimozukker/Documents/tooteliin/kalkun/date/takt_9_s1_date.png,15.03.2026,"50,270",NA,tuvastamata,0,0.014578
EasyOCR,kalkun,/Users/reimozukker/Documents/tooteliin/kalkun/date/takt_9_s2_date.png,15.03.2026,,NA,tuvastamata,0,0.014578
EasyOCR,kalkun,/Users/reimozukker/Documents/tooteliin/kalkun/date/takt_9_s3_date.png,15.03.2026,1503 2026,15.03.2026,oige,1,0.014578
EasyOCR,kalkun,/Users/reimozukker/Documents/tooteliin/kalkun/date/takt_9_s4_date.png,15.03.2026,150_202,NA,tuvastamata,0,0.014578
EasyOCR,veis,/Users/reimozukker/Documents/tooteliin/veis/date/takt_10_s1_date.png,15.03.2026,5 h2 [676,NA,tuvastamata,0,0.014763
EasyOCR,veis,/Users/reimozukker/Documents/tooteliin/veis/date/takt_10_s2_date.png,15.03.2026,,NA,tuvastamata,0,0.014763
EasyOCR,veis,/Users/reimozukker/Documents/tooteliin/veis/date/takt_10_s3_date.png,15.03.2026,19.03 2026,19.03.2026,vale,0,0.014763
EasyOCR,veis,/Users/reimozukker/Documents/tooteliin/veis/date/takt_10_s4_date.png,15.03.2026,4126 153,NA,tuvastamata,0,0.014763
EasyOCR,veis,/Users/reimozukker/Documents/tooteliin/veis/date/takt_11_s1_date.png,15.03.2026,1202267:,NA,tuvastamata,0,0.019779
EasyOCR,veis,/Users/reimozukker/Documents/tooteliin/veis/date/takt_11_s2_date.png,15.03.2026,Wdtb 1,NA,tuvastamata,0,0.019779
EasyOCR,veis,/Users/reimozukker/Documents/tooteliin/veis/date/takt_11_s3_date.png,15.03.2026,15032026,15.03.2026,oige,1,0.019779
EasyOCR,veis,/Users/reimozukker/Documents/tooteliin/veis/date/takt_11_s4_date.png,15.03.2026,450] 26,NA,tuvastamata,0,0.019779
EasyOCR,veis,/Users/reimozukker/Documents/tooteliin/veis/date/takt_12_s1_date.png,15.03.2026,50375;,NA,tuvastamata,0,0.013717
EasyOCR,veis,/Users/reimozukker/Documents/tooteliin/veis/date/takt_12_s2_date.png,15.03.2026,,NA,tuvastamata,0,0.013717
EasyOCR,veis,/Users/reimozukker/Documents/tooteliin/veis/date/takt_12_s3_date.png,15.03.2026,103 2026_,NA,tuvastamata,0,0.013717
EasyOCR,veis,/Users/reimozukker/Documents/tooteliin/veis/date/takt_12_s4_date.png,15.03.2026,1503.2026,15.03.2026,oige,1,0.013717
EasyOCR,veis,/Users/reimozukker/Documents/tooteliin/veis/date/takt_13_s1_date.png,15.03.2026,77j,NA,tuvastamata,0,0.021116
EasyOCR,veis,/Users/reimozukker/Documents/tooteliin/veis/date/takt_13_s2_date.png,15.03.2026,LLICIIu I 0 0,NA,tuvastamata,0,0.021116
EasyOCR,veis,/Users/reimozukker/Documents/tooteliin/veis/date/takt_13_s3_date.png,15.03.2026,7503 2026,75.03.2026,vale,0,0.021116
EasyOCR,veis,/Users/reimozukker/Documents/tooteliin/veis/date/takt_13_s4_date.png,15.03.2026,15 03 2026,15.03.2026,oige,1,0.021116
EasyOCR,veis,/Users/reimozukker/Documents/tooteliin/veis/date/takt_14_s1_date.png,15.03.2026,"15097026,",15.09.7026,vale,0,0.017799
EasyOCR,veis,/Users/reimozukker/Documents/tooteliin/veis/date/takt_14_s2_date.png,15.03.2026,JL,NA,tuvastamata,0,0.017799
EasyOCR,veis,/Users/reimozukker/Documents/tooteliin/veis/date/takt_14_s3_date.png,15.03.2026,1503 2026,15.03.2026,oige,1,0.017799
EasyOCR,veis,/Users/reimozukker/Documents/tooteliin/veis/date/takt_14_s4_date.png,15.03.2026,1502 02,NA,tuvastamata,0,0.017799
EasyOCR,veis,/Users/reimozukker/Documents/tooteliin/veis/date/takt_15_s1_date.png,15.03.2026,#0:202',NA,tuvastamata,0,0.015790
EasyOCR,veis,/Users/reimozukker/Documents/tooteliin/veis/date/takt_15_s2_date.png,15.03.2026,,NA,tuvastamata,0,0.015790
EasyOCR,veis,/Users/reimozukker/Documents/tooteliin/veis/date/takt_15_s3_date.png,15.03.2026,1503 20262,NA,tuvastamata,0,0.015790
EasyOCR,veis,/Users/reimozukker/Documents/tooteliin/veis/date/takt_15_s4_date.png,15.03.2026,4026 IJWU,NA,tuvastamata,0,0.015790
EasyOCR,veis,/Users/reimozukker/Documents/tooteliin/veis/date/takt_16_s1_date.png,15.03.2026,150:72076,15.07.2076,vale,0,0.016814
EasyOCR,veis,/Users/reimozukker/Documents/tooteliin/veis/date/takt_16_s2_date.png,15.03.2026,WLULUI,NA,tuvastamata,0,0.016814
EasyOCR,veis,/Users/reimozukker/Documents/tooteliin/veis/date/takt_16_s3_date.png,15.03.2026,1502 2026_,15.02.2026,vale,0,0.016814
EasyOCR,veis,/Users/reimozukker/Documents/tooteliin/veis/date/takt_16_s4_date.png,15.03.2026,"1501 2026,",15.01.2026,vale,0,0.016814
EasyOCR,veis,/Users/reimozukker/Documents/tooteliin/veis/date/takt_17_s1_date.png,15.03.2026,"""0:,,26",NA,tuvastamata,0,0.013639
EasyOCR,veis,/Users/reimozukker/Documents/tooteliin/veis/date/takt_17_s2_date.png,15.03.2026,,NA,tuvastamata,0,0.013639
EasyOCR,veis,/Users/reimozukker/Documents/tooteliin/veis/date/takt_17_s3_date.png,15.03.2026,1503 2076,15.03.2076,vale,0,0.013639
EasyOCR,veis,/Users/reimozukker/Documents/tooteliin/veis/date/takt_17_s4_date.png,15.03.2026,1508 2026,15.08.2026,vale,0,0.013639
EasyOCR,veis,/Users/reimozukker/Documents/tooteliin/veis/date/takt_18_s1_date.png,15.03.2026,5a 70546,NA,tuvastamata,0,0.016927
EasyOCR,veis,/Users/reimozukker/Documents/tooteliin/veis/date/takt_18_s2_date.png,15.03.2026,rmn7o,NA,tuvastamata,0,0.016927
EasyOCR,veis,/Users/reimozukker/Documents/tooteliin/veis/date/takt_18_s3_date.png,15.03.2026,0; 20z6_,NA,tuvastamata,0,0.016927
EasyOCR,veis,/Users/reimozukker/Documents/tooteliin/veis/date/takt_18_s4_date.png,15.03.2026,15 02e,NA,tuvastamata,0,0.016927
EasyOCR,veis,/Users/reimozukker/Documents/tooteliin/veis/date/takt_19_s1_date.png,15.03.2026,Z026,NA,tuvastamata,0,0.015532
EasyOCR,veis,/Users/reimozukker/Documents/tooteliin/veis/date/takt_19_s2_date.png,15.03.2026,Cnone,NA,tuvastamata,0,0.015532
EasyOCR,veis,/Users/reimozukker/Documents/tooteliin/veis/date/takt_19_s3_date.png,15.03.2026,1503 2026,15.03.2026,oige,1,0.015532
EasyOCR,veis,/Users/reimozukker/Documents/tooteliin/veis/date/takt_19_s4_date.png,15.03.2026,26,NA,tuvastamata,0,0.015532
EasyOCR,veis,/Users/reimozukker/Documents/tooteliin/veis/date/takt_20_s1_date.png,15.03.2026,""" m3 2626",NA,tuvastamata,0,0.014571
EasyOCR,veis,/Users/reimozukker/Documents/tooteliin/veis/date/takt_20_s2_date.png,15.03.2026,,NA,tuvastamata,0,0.014571
EasyOCR,veis,/Users/reimozukker/Documents/tooteliin/veis/date/takt_20_s3_date.png,15.03.2026,15 03 2026,15.03.2026,oige,1,0.014571
EasyOCR,veis,/Users/reimozukker/Documents/tooteliin/veis/date/takt_20_s4_date.png,15.03.2026,15 020,NA,tuvastamata,0,0.014571
EasyOCR,veis,/Users/reimozukker/Documents/tooteliin/veis/date/takt_21_s1_date.png,15.03.2026,"637026,",NA,tuvastamata,0,0.014272
EasyOCR,veis,/Users/reimozukker/Documents/tooteliin/veis/date/takt_21_s2_date.png,15.03.2026,,NA,tuvastamata,0,0.014272
EasyOCR,veis,/Users/reimozukker/Documents/tooteliin/veis/date/takt_21_s3_date.png,15.03.2026,1503.2026,15.03.2026,oige,1,0.014272
EasyOCR,veis,/Users/reimozukker/Documents/tooteliin/veis/date/takt_21_s4_date.png,15.03.2026,U54 026,NA,tuvastamata,0,0.014272
EasyOCR,veis,/Users/reimozukker/Documents/tooteliin/veis/date/takt_22_s1_date.png,15.03.2026,103262',NA,tuvastamata,0,0.015809
EasyOCR,veis,/Users/reimozukker/Documents/tooteliin/veis/date/takt_22_s2_date.png,15.03.2026,,NA,tuvastamata,0,0.015809
EasyOCR,veis,/Users/reimozukker/Documents/tooteliin/veis/date/takt_22_s3_date.png,15.03.2026,15 03.2026,15.03.2026,oige,1,0.015809
EasyOCR,veis,/Users/reimozukker/Documents/tooteliin/veis/date/takt_22_s4_date.png,15.03.2026,0z6 45m,NA,tuvastamata,0,0.015809
EasyOCR,veis,/Users/reimozukker/Documents/tooteliin/veis/date/takt_23_s1_date.png,15.03.2026,;0:2-7 (,NA,tuvastamata,0,0.017937
EasyOCR,veis,/Users/reimozukker/Documents/tooteliin/veis/date/takt_23_s2_date.png,15.03.2026,,NA,tuvastamata,0,0.017937
EasyOCR,veis,/Users/reimozukker/Documents/tooteliin/veis/date/takt_23_s3_date.png,15.03.2026,1503 20262,NA,tuvastamata,0,0.017937
EasyOCR,veis,/Users/reimozukker/Documents/tooteliin/veis/date/takt_23_s4_date.png,15.03.2026,5NU 10zu,NA,tuvastamata,0,0.017937
EasyOCR,veis,/Users/reimozukker/Documents/tooteliin/veis/date/takt_2_s1_date.png,15.03.2026,350e2G20,NA,tuvastamata,0,0.017162
EasyOCR,veis,/Users/reimozukker/Documents/tooteliin/veis/date/takt_2_s2_date.png,15.03.2026,Th,NA,tuvastamata,0,0.017162
EasyOCR,veis,/Users/reimozukker/Documents/tooteliin/veis/date/takt_2_s3_date.png,15.03.2026,15 03 2026,15.03.2026,oige,1,0.017162
EasyOCR,veis,/Users/reimozukker/Documents/tooteliin/veis/date/takt_2_s4_date.png,15.03.2026,"2026, G",NA,tuvastamata,0,0.017162
EasyOCR,veis,/Users/reimozukker/Documents/tooteliin/veis/date/takt_3_s1_date.png,15.03.2026,150? 267f,NA,tuvastamata,0,0.023579
EasyOCR,veis,/Users/reimozukker/Documents/tooteliin/veis/date/takt_3_s2_date.png,15.03.2026,MLUbIVII,NA,tuvastamata,0,0.023579
EasyOCR,veis,/Users/reimozukker/Documents/tooteliin/veis/date/takt_3_s3_date.png,15.03.2026,"1503 2026,",15.03.2026,oige,1,0.023579
EasyOCR,veis,/Users/reimozukker/Documents/tooteliin/veis/date/takt_3_s4_date.png,15.03.2026,150J202,NA,tuvastamata,0,0.023579
EasyOCR,veis,/Users/reimozukker/Documents/tooteliin/veis/date/takt_4_s1_date.png,15.03.2026,E tue,NA,tuvastamata,0,0.016093
EasyOCR,veis,/Users/reimozukker/Documents/tooteliin/veis/date/takt_4_s2_date.png,15.03.2026,950370,NA,tuvastamata,0,0.016093
EasyOCR,veis,/Users/reimozukker/Documents/tooteliin/veis/date/takt_4_s3_date.png,15.03.2026,03 2026^,NA,tuvastamata,0,0.016093
EasyOCR,veis,/Users/reimozukker/Documents/tooteliin/veis/date/takt_4_s4_date.png,15.03.2026,1500.2076,15.00.2076,vale,0,0.016093
EasyOCR,veis,/Users/reimozukker/Documents/tooteliin/veis/date/takt_5_s1_date.png,15.03.2026,'50226_,NA,tuvastamata,0,0.013741
EasyOCR,veis,/Users/reimozukker/Documents/tooteliin/veis/date/takt_5_s2_date.png,15.03.2026,,NA,tuvastamata,0,0.013741
EasyOCR,veis,/Users/reimozukker/Documents/tooteliin/veis/date/takt_5_s3_date.png,15.03.2026,1503 2026,15.03.2026,oige,1,0.013741
EasyOCR,veis,/Users/reimozukker/Documents/tooteliin/veis/date/takt_5_s4_date.png,15.03.2026,150-2028,NA,tuvastamata,0,0.013741
EasyOCR,veis,/Users/reimozukker/Documents/tooteliin/veis/date/takt_6_s1_date.png,15.03.2026,1022076,NA,tuvastamata,0,0.016455
EasyOCR,veis,/Users/reimozukker/Documents/tooteliin/veis/date/takt_6_s2_date.png,15.03.2026,MLD,NA,tuvastamata,0,0.016455
EasyOCR,veis,/Users/reimozukker/Documents/tooteliin/veis/date/takt_6_s3_date.png,15.03.2026,15 02 2026,15.02.2026,vale,0,0.016455
EasyOCR,veis,/Users/reimozukker/Documents/tooteliin/veis/date/takt_6_s4_date.png,15.03.2026,1503-02,NA,tuvastamata,0,0.016455
EasyOCR,veis,/Users/reimozukker/Documents/tooteliin/veis/date/takt_7_s1_date.png,15.03.2026,"15032026,",15.03.2026,oige,1,0.013631
EasyOCR,veis,/Users/reimozukker/Documents/tooteliin/veis/date/takt_7_s2_date.png,15.03.2026,2026,NA,tuvastamata,0,0.013631
EasyOCR,veis,/Users/reimozukker/Documents/tooteliin/veis/date/takt_7_s3_date.png,15.03.2026,1503 2026,15.03.2026,oige,1,0.013631
EasyOCR,veis,/Users/reimozukker/Documents/tooteliin/veis/date/takt_7_s4_date.png,15.03.2026,150122026,NA,tuvastamata,0,0.013631
EasyOCR,veis,/Users/reimozukker/Documents/tooteliin/veis/date/takt_8_s1_date.png,15.03.2026,Ao %626,NA,tuvastamata,0,0.017149
EasyOCR,veis,/Users/reimozukker/Documents/tooteliin/veis/date/takt_8_s2_date.png,15.03.2026,"160370""3",NA,tuvastamata,0,0.017149
EasyOCR,veis,/Users/reimozukker/Documents/tooteliin/veis/date/takt_8_s3_date.png,15.03.2026,15 05.2026,15.05.2026,vale,0,0.017149
EasyOCR,veis,/Users/reimozukker/Documents/tooteliin/veis/date/takt_8_s4_date.png,15.03.2026,26 4308.20,26.13.0820,vale,0,0.017149
EasyOCR,veis,/Users/reimozukker/Documents/tooteliin/veis/date/takt_9_s1_date.png,15.03.2026,4517076,NA,tuvastamata,0,0.013627
EasyOCR,veis,/Users/reimozukker/Documents/tooteliin/veis/date/takt_9_s2_date.png,15.03.2026,,NA,tuvastamata,0,0.013627
EasyOCR,veis,/Users/reimozukker/Documents/tooteliin/veis/date/takt_9_s3_date.png,15.03.2026,1503.2026,15.03.2026,oige,1,0.013627
EasyOCR,veis,/Users/reimozukker/Documents/tooteliin/veis/date/takt_9_s4_date.png,15.03.2026,15022,NA,tuvastamata,0,0.013627
EasyOCR,salami,/Users/reimozukker/Documents/tooteliin/salami/date/takt_10_s1_date.png,18.03.2026,J5 207<,NA,tuvastamata,0,0.012542
EasyOCR,salami,/Users/reimozukker/Documents/tooteliin/salami/date/takt_10_s2_date.png,18.03.2026,,NA,tuvastamata,0,0.012542
EasyOCR,salami,/Users/reimozukker/Documents/tooteliin/salami/date/takt_10_s3_date.png,18.03.2026,VDE ZZ6,NA,tuvastamata,0,0.012542
EasyOCR,salami,/Users/reimozukker/Documents/tooteliin/salami/date/takt_10_s4_date.png,18.03.2026,,NA,tuvastamata,0,0.012542
EasyOCR,salami,/Users/reimozukker/Documents/tooteliin/salami/date/takt_11_s1_date.png,18.03.2026,10n5 ; ;,NA,tuvastamata,0,0.016203
EasyOCR,salami,/Users/reimozukker/Documents/tooteliin/salami/date/takt_11_s2_date.png,18.03.2026,,NA,tuvastamata,0,0.016203
EasyOCR,salami,/Users/reimozukker/Documents/tooteliin/salami/date/takt_11_s3_date.png,18.03.2026,10 4- 21ZE,NA,tuvastamata,0,0.016203
EasyOCR,salami,/Users/reimozukker/Documents/tooteliin/salami/date/takt_11_s4_date.png,18.03.2026,1805202,NA,tuvastamata,0,0.016203
EasyOCR,salami,/Users/reimozukker/Documents/tooteliin/salami/date/takt_12_s1_date.png,18.03.2026,09 28 ?<,NA,tuvastamata,0,0.014788
EasyOCR,salami,/Users/reimozukker/Documents/tooteliin/salami/date/takt_12_s2_date.png,18.03.2026,,NA,tuvastamata,0,0.014788
EasyOCR,salami,/Users/reimozukker/Documents/tooteliin/salami/date/takt_12_s3_date.png,18.03.2026,I6u: 20L6,NA,tuvastamata,0,0.014788
EasyOCR,salami,/Users/reimozukker/Documents/tooteliin/salami/date/takt_12_s4_date.png,18.03.2026,T85202:,NA,tuvastamata,0,0.014788
EasyOCR,salami,/Users/reimozukker/Documents/tooteliin/salami/date/takt_13_s1_date.png,18.03.2026,14]52671,NA,tuvastamata,0,0.013761
EasyOCR,salami,/Users/reimozukker/Documents/tooteliin/salami/date/takt_13_s2_date.png,18.03.2026,,NA,tuvastamata,0,0.013761
EasyOCR,salami,/Users/reimozukker/Documents/tooteliin/salami/date/takt_13_s3_date.png,18.03.2026,iCQ: Z026,NA,tuvastamata,0,0.013761
EasyOCR,salami,/Users/reimozukker/Documents/tooteliin/salami/date/takt_13_s4_date.png,18.03.2026,,NA,tuvastamata,0,0.013761
EasyOCR,salami,/Users/reimozukker/Documents/tooteliin/salami/date/takt_14_s1_date.png,18.03.2026,0757',NA,tuvastamata,0,0.014890
EasyOCR,salami,/Users/reimozukker/Documents/tooteliin/salami/date/takt_14_s2_date.png,18.03.2026,,NA,tuvastamata,0,0.014890
EasyOCR,salami,/Users/reimozukker/Documents/tooteliin/salami/date/takt_14_s3_date.png,18.03.2026,186.2026,NA,tuvastamata,0,0.014890
EasyOCR,salami,/Users/reimozukker/Documents/tooteliin/salami/date/takt_14_s4_date.png,18.03.2026,Te 126,NA,tuvastamata,0,0.014890
EasyOCR,salami,/Users/reimozukker/Documents/tooteliin/salami/date/takt_15_s1_date.png,18.03.2026,3n,NA,tuvastamata,0,0.014486
EasyOCR,salami,/Users/reimozukker/Documents/tooteliin/salami/date/takt_15_s2_date.png,18.03.2026,6,NA,tuvastamata,0,0.014486
EasyOCR,salami,/Users/reimozukker/Documents/tooteliin/salami/date/takt_15_s3_date.png,18.03.2026,18.65 2025,18.05.2025,vale,0,0.014486
EasyOCR,salami,/Users/reimozukker/Documents/tooteliin/salami/date/takt_15_s4_date.png,18.03.2026,,NA,tuvastamata,0,0.014486
EasyOCR,salami,/Users/reimozukker/Documents/tooteliin/salami/date/takt_16_s1_date.png,18.03.2026,0atn7.,NA,tuvastamata,0,0.016903
EasyOCR,salami,/Users/reimozukker/Documents/tooteliin/salami/date/takt_16_s2_date.png,18.03.2026,306704,NA,tuvastamata,0,0.016903
EasyOCR,salami,/Users/reimozukker/Documents/tooteliin/salami/date/takt_16_s3_date.png,18.03.2026,104 20,NA,tuvastamata,0,0.016903
EasyOCR,salami,/Users/reimozukker/Documents/tooteliin/salami/date/takt_16_s4_date.png,18.03.2026,"10,05,7076",10.05.7076,vale,0,0.016903
EasyOCR,salami,/Users/reimozukker/Documents/tooteliin/salami/date/takt_17_s1_date.png,18.03.2026,Pa 2076,NA,tuvastamata,0,0.014688
EasyOCR,salami,/Users/reimozukker/Documents/tooteliin/salami/date/takt_17_s2_date.png,18.03.2026,7rpmi,NA,tuvastamata,0,0.014688
EasyOCR,salami,/Users/reimozukker/Documents/tooteliin/salami/date/takt_17_s3_date.png,18.03.2026,17126,NA,tuvastamata,0,0.014688
EasyOCR,salami,/Users/reimozukker/Documents/tooteliin/salami/date/takt_17_s4_date.png,18.03.2026,,NA,tuvastamata,0,0.014688
EasyOCR,salami,/Users/reimozukker/Documents/tooteliin/salami/date/takt_18_s1_date.png,18.03.2026,,NA,tuvastamata,0,0.010190
EasyOCR,salami,/Users/reimozukker/Documents/tooteliin/salami/date/takt_18_s2_date.png,18.03.2026,,NA,tuvastamata,0,0.010190
EasyOCR,salami,/Users/reimozukker/Documents/tooteliin/salami/date/takt_18_s3_date.png,18.03.2026,1805.2026,18.05.2026,vale,0,0.010190
EasyOCR,salami,/Users/reimozukker/Documents/tooteliin/salami/date/takt_18_s4_date.png,18.03.2026,,NA,tuvastamata,0,0.010190
EasyOCR,salami,/Users/reimozukker/Documents/tooteliin/salami/date/takt_19_s1_date.png,18.03.2026,V '7,NA,tuvastamata,0,0.013988
EasyOCR,salami,/Users/reimozukker/Documents/tooteliin/salami/date/takt_19_s2_date.png,18.03.2026,7067011,NA,tuvastamata,0,0.013988
EasyOCR,salami,/Users/reimozukker/Documents/tooteliin/salami/date/takt_19_s3_date.png,18.03.2026,161005.2026,NA,tuvastamata,0,0.013988
EasyOCR,salami,/Users/reimozukker/Documents/tooteliin/salami/date/takt_19_s4_date.png,18.03.2026,,NA,tuvastamata,0,0.013988
EasyOCR,salami,/Users/reimozukker/Documents/tooteliin/salami/date/takt_20_s1_date.png,18.03.2026,9576.:,NA,tuvastamata,0,0.016892
EasyOCR,salami,/Users/reimozukker/Documents/tooteliin/salami/date/takt_20_s2_date.png,18.03.2026,0u6zmg,NA,tuvastamata,0,0.016892
EasyOCR,salami,/Users/reimozukker/Documents/tooteliin/salami/date/takt_20_s3_date.png,18.03.2026,0 1,NA,tuvastamata,0,0.016892
EasyOCR,salami,/Users/reimozukker/Documents/tooteliin/salami/date/takt_20_s4_date.png,18.03.2026,,NA,tuvastamata,0,0.016892
EasyOCR,salami,/Users/reimozukker/Documents/tooteliin/salami/date/takt_3_s1_date.png,18.03.2026,"""Z",NA,tuvastamata,0,0.013917
EasyOCR,salami,/Users/reimozukker/Documents/tooteliin/salami/date/takt_3_s2_date.png,18.03.2026,,NA,tuvastamata,0,0.013917
EasyOCR,salami,/Users/reimozukker/Documents/tooteliin/salami/date/takt_3_s3_date.png,18.03.2026,68 05 2026,68.05.2026,vale,0,0.013917
EasyOCR,salami,/Users/reimozukker/Documents/tooteliin/salami/date/takt_3_s4_date.png,18.03.2026,"18 06,20265",NA,tuvastamata,0,0.013917
EasyOCR,salami,/Users/reimozukker/Documents/tooteliin/salami/date/takt_4_s1_date.png,18.03.2026,,NA,tuvastamata,0,0.011319
EasyOCR,salami,/Users/reimozukker/Documents/tooteliin/salami/date/takt_4_s2_date.png,18.03.2026,,NA,tuvastamata,0,0.011319
EasyOCR,salami,/Users/reimozukker/Documents/tooteliin/salami/date/takt_4_s3_date.png,18.03.2026,18 05 2026,18.05.2026,vale,0,0.011319
EasyOCR,salami,/Users/reimozukker/Documents/tooteliin/salami/date/takt_4_s4_date.png,18.03.2026,18 05.2026,18.05.2026,vale,0,0.011319
EasyOCR,salami,/Users/reimozukker/Documents/tooteliin/salami/date/takt_5_s1_date.png,18.03.2026,"""2057_/.",NA,tuvastamata,0,0.015501
EasyOCR,salami,/Users/reimozukker/Documents/tooteliin/salami/date/takt_5_s2_date.png,18.03.2026,,NA,tuvastamata,0,0.015501
EasyOCR,salami,/Users/reimozukker/Documents/tooteliin/salami/date/takt_5_s3_date.png,18.03.2026,"(6,05.2075",NA,tuvastamata,0,0.015501
EasyOCR,salami,/Users/reimozukker/Documents/tooteliin/salami/date/takt_5_s4_date.png,18.03.2026,165.20zF,NA,tuvastamata,0,0.015501
EasyOCR,salami,/Users/reimozukker/Documents/tooteliin/salami/date/takt_6_s1_date.png,18.03.2026,1o05 26^ €,NA,tuvastamata,0,0.013827
EasyOCR,salami,/Users/reimozukker/Documents/tooteliin/salami/date/takt_6_s2_date.png,18.03.2026,,NA,tuvastamata,0,0.013827
EasyOCR,salami,/Users/reimozukker/Documents/tooteliin/salami/date/takt_6_s3_date.png,18.03.2026,16 05 2026,16.05.2026,vale,0,0.013827
EasyOCR,salami,/Users/reimozukker/Documents/tooteliin/salami/date/takt_6_s4_date.png,18.03.2026,"18.05,2026",18.05.2026,vale,0,0.013827
EasyOCR,salami,/Users/reimozukker/Documents/tooteliin/salami/date/takt_7_s1_date.png,18.03.2026,,NA,tuvastamata,0,0.010927
EasyOCR,salami,/Users/reimozukker/Documents/tooteliin/salami/date/takt_7_s2_date.png,18.03.2026,2,NA,tuvastamata,0,0.010927
EasyOCR,salami,/Users/reimozukker/Documents/tooteliin/salami/date/takt_7_s3_date.png,18.03.2026,1605222,NA,tuvastamata,0,0.010927
EasyOCR,salami,/Users/reimozukker/Documents/tooteliin/salami/date/takt_7_s4_date.png,18.03.2026,,NA,tuvastamata,0,0.010927
EasyOCR,salami,/Users/reimozukker/Documents/tooteliin/salami/date/takt_8_s1_date.png,18.03.2026,'0152 ; <,NA,tuvastamata,0,0.013742
EasyOCR,salami,/Users/reimozukker/Documents/tooteliin/salami/date/takt_8_s2_date.png,18.03.2026,,NA,tuvastamata,0,0.013742
EasyOCR,salami,/Users/reimozukker/Documents/tooteliin/salami/date/takt_8_s3_date.png,18.03.2026,(els 2676,NA,tuvastamata,0,0.013742
EasyOCR,salami,/Users/reimozukker/Documents/tooteliin/salami/date/takt_8_s4_date.png,18.03.2026,"18 05,2026",18.05.2026,vale,0,0.013742
EasyOCR,salami,/Users/reimozukker/Documents/tooteliin/salami/date/takt_9_s1_date.png,18.03.2026,1225 20; :,NA,tuvastamata,0,0.017079
EasyOCR,salami,/Users/reimozukker/Documents/tooteliin/salami/date/takt_9_s2_date.png,18.03.2026,,NA,tuvastamata,0,0.017079
EasyOCR,salami,/Users/reimozukker/Documents/tooteliin/salami/date/takt_9_s3_date.png,18.03.2026,16 Q5*2026,NA,tuvastamata,0,0.017079
EasyOCR,salami,/Users/reimozukker/Documents/tooteliin/salami/date/takt_9_s4_date.png,18.03.2026,IUe2,NA,tuvastamata,0,0.017079
PaddleOCR,rulaad,/Users/reimozukker/Documents/tooteliin/rulaad/date/takt_10_s1_date.png,15.03.2026,15032026,15.03.2026,oige,1,0.069868
PaddleOCR,rulaad,/Users/reimozukker/Documents/tooteliin/rulaad/date/takt_10_s2_date.png,15.03.2026,00820,NA,tuvastamata,0,0.069868
PaddleOCR,rulaad,/Users/reimozukker/Documents/tooteliin/rulaad/date/takt_10_s3_date.png,15.03.2026,15032026,15.03.2026,oige,1,0.069868
PaddleOCR,rulaad,/Users/reimozukker/Documents/tooteliin/rulaad/date/takt_10_s4_date.png,15.03.2026,15032026,15.03.2026,oige,1,0.069868
PaddleOCR,rulaad,/Users/reimozukker/Documents/tooteliin/rulaad/date/takt_11_s1_date.png,15.03.2026,15032026,15.03.2026,oige,1,0.053020
PaddleOCR,rulaad,/Users/reimozukker/Documents/tooteliin/rulaad/date/takt_11_s2_date.png,15.03.2026,03202,NA,tuvastamata,0,0.053020
PaddleOCR,rulaad,/Users/reimozukker/Documents/tooteliin/rulaad/date/takt_11_s3_date.png,15.03.2026,15.03.2026,15.03.2026,oige,1,0.053020
PaddleOCR,rulaad,/Users/reimozukker/Documents/tooteliin/rulaad/date/takt_11_s4_date.png,15.03.2026,15032020,15.03.2020,vale,0,0.053020
PaddleOCR,rulaad,/Users/reimozukker/Documents/tooteliin/rulaad/date/takt_12_s1_date.png,15.03.2026,15032026,15.03.2026,oige,1,0.053432
PaddleOCR,rulaad,/Users/reimozukker/Documents/tooteliin/rulaad/date/takt_12_s2_date.png,15.03.2026,16037026,16.03.7026,vale,0,0.053432
PaddleOCR,rulaad,/Users/reimozukker/Documents/tooteliin/rulaad/date/takt_12_s3_date.png,15.03.2026,15.02026,NA,tuvastamata,0,0.053432
PaddleOCR,rulaad,/Users/reimozukker/Documents/tooteliin/rulaad/date/takt_12_s4_date.png,15.03.2026,15.03 2026,15.03.2026,oige,1,0.053432
PaddleOCR,rulaad,/Users/reimozukker/Documents/tooteliin/rulaad/date/takt_13_s1_date.png,15.03.2026,16032026,16.03.2026,vale,0,0.052329
PaddleOCR,rulaad,/Users/reimozukker/Documents/tooteliin/rulaad/date/takt_13_s2_date.png,15.03.2026,00,NA,tuvastamata,0,0.052329
PaddleOCR,rulaad,/Users/reimozukker/Documents/tooteliin/rulaad/date/takt_13_s3_date.png,15.03.2026,150132026,NA,tuvastamata,0,0.052329
PaddleOCR,rulaad,/Users/reimozukker/Documents/tooteliin/rulaad/date/takt_13_s4_date.png,15.03.2026,15032026,15.03.2026,oige,1,0.052329
PaddleOCR,rulaad,/Users/reimozukker/Documents/tooteliin/rulaad/date/takt_14_s1_date.png,15.03.2026,15032026,15.03.2026,oige,1,0.053957
PaddleOCR,rulaad,/Users/reimozukker/Documents/tooteliin/rulaad/date/takt_14_s2_date.png,15.03.2026,5012026,NA,tuvastamata,0,0.053957
PaddleOCR,rulaad,/Users/reimozukker/Documents/tooteliin/rulaad/date/takt_14_s3_date.png,15.03.2026,15032026,15.03.2026,oige,1,0.053957
PaddleOCR,rulaad,/Users/reimozukker/Documents/tooteliin/rulaad/date/takt_14_s4_date.png,15.03.2026,15032028,15.03.2028,vale,0,0.053957
PaddleOCR,rulaad,/Users/reimozukker/Documents/tooteliin/rulaad/date/takt_15_s1_date.png,15.03.2026,话15022026,15.02.2026,vale,0,0.052342
PaddleOCR,rulaad,/Users/reimozukker/Documents/tooteliin/rulaad/date/takt_15_s2_date.png,15.03.2026,16037020,16.03.7020,vale,0,0.052342
PaddleOCR,rulaad,/Users/reimozukker/Documents/tooteliin/rulaad/date/takt_15_s3_date.png,15.03.2026,15032026,15.03.2026,oige,1,0.052342
PaddleOCR,rulaad,/Users/reimozukker/Documents/tooteliin/rulaad/date/takt_15_s4_date.png,15.03.2026,15032020,15.03.2020,vale,0,0.052342
PaddleOCR,rulaad,/Users/reimozukker/Documents/tooteliin/rulaad/date/takt_16_s1_date.png,15.03.2026,12062026,12.06.2026,vale,0,0.051168
PaddleOCR,rulaad,/Users/reimozukker/Documents/tooteliin/rulaad/date/takt_16_s2_date.png,15.03.2026,05032026,05.03.2026,vale,0,0.051168
PaddleOCR,rulaad,/Users/reimozukker/Documents/tooteliin/rulaad/date/takt_16_s3_date.png,15.03.2026,15032026,15.03.2026,oige,1,0.051168
PaddleOCR,rulaad,/Users/reimozukker/Documents/tooteliin/rulaad/date/takt_16_s4_date.png,15.03.2026,15032026,15.03.2026,oige,1,0.051168
PaddleOCR,rulaad,/Users/reimozukker/Documents/tooteliin/rulaad/date/takt_17_s1_date.png,15.03.2026,15032026,15.03.2026,oige,1,0.052271
PaddleOCR,rulaad,/Users/reimozukker/Documents/tooteliin/rulaad/date/takt_17_s2_date.png,15.03.2026,115032026,NA,tuvastamata,0,0.052271
PaddleOCR,rulaad,/Users/reimozukker/Documents/tooteliin/rulaad/date/takt_17_s3_date.png,15.03.2026,15032026,15.03.2026,oige,1,0.052271
PaddleOCR,rulaad,/Users/reimozukker/Documents/tooteliin/rulaad/date/takt_17_s4_date.png,15.03.2026,1503.2028,15.03.2028,vale,0,0.052271
PaddleOCR,rulaad,/Users/reimozukker/Documents/tooteliin/rulaad/date/takt_18_s1_date.png,15.03.2026,话18032026,18.03.2026,vale,0,0.052171
PaddleOCR,rulaad,/Users/reimozukker/Documents/tooteliin/rulaad/date/takt_18_s2_date.png,15.03.2026,02032020,02.03.2020,vale,0,0.052171
PaddleOCR,rulaad,/Users/reimozukker/Documents/tooteliin/rulaad/date/takt_18_s3_date.png,15.03.2026,15.032026,15.03.2026,oige,1,0.052171
PaddleOCR,rulaad,/Users/reimozukker/Documents/tooteliin/rulaad/date/takt_18_s4_date.png,15.03.2026,15.03 2026,15.03.2026,oige,1,0.052171
PaddleOCR,rulaad,/Users/reimozukker/Documents/tooteliin/rulaad/date/takt_19_s1_date.png,15.03.2026,815032026,NA,tuvastamata,0,0.051201
PaddleOCR,rulaad,/Users/reimozukker/Documents/tooteliin/rulaad/date/takt_19_s2_date.png,15.03.2026,015032076,NA,tuvastamata,0,0.051201
PaddleOCR,rulaad,/Users/reimozukker/Documents/tooteliin/rulaad/date/takt_19_s3_date.png,15.03.2026,15032026,15.03.2026,oige,1,0.051201
PaddleOCR,rulaad,/Users/reimozukker/Documents/tooteliin/rulaad/date/takt_19_s4_date.png,15.03.2026,15032026,15.03.2026,oige,1,0.051201
PaddleOCR,rulaad,/Users/reimozukker/Documents/tooteliin/rulaad/date/takt_1_s1_date.png,15.03.2026,15.032026,15.03.2026,oige,1,0.051069
PaddleOCR,rulaad,/Users/reimozukker/Documents/tooteliin/rulaad/date/takt_1_s2_date.png,15.03.2026,1500207,NA,tuvastamata,0,0.051069
PaddleOCR,rulaad,/Users/reimozukker/Documents/tooteliin/rulaad/date/takt_1_s3_date.png,15.03.2026,15032026,15.03.2026,oige,1,0.051069
PaddleOCR,rulaad,/Users/reimozukker/Documents/tooteliin/rulaad/date/takt_1_s4_date.png,15.03.2026,15.032026,15.03.2026,oige,1,0.051069
PaddleOCR,rulaad,/Users/reimozukker/Documents/tooteliin/rulaad/date/takt_20_s1_date.png,15.03.2026,15032026,15.03.2026,oige,1,0.051331
PaddleOCR,rulaad,/Users/reimozukker/Documents/tooteliin/rulaad/date/takt_20_s2_date.png,15.03.2026,W01702M,NA,tuvastamata,0,0.051331
PaddleOCR,rulaad,/Users/reimozukker/Documents/tooteliin/rulaad/date/takt_20_s3_date.png,15.03.2026,15032026,15.03.2026,oige,1,0.051331
PaddleOCR,rulaad,/Users/reimozukker/Documents/tooteliin/rulaad/date/takt_20_s4_date.png,15.03.2026,15 012026,15.01.2026,vale,0,0.051331
PaddleOCR,rulaad,/Users/reimozukker/Documents/tooteliin/rulaad/date/takt_21_s1_date.png,15.03.2026,15082026,15.08.2026,vale,0,0.051176
PaddleOCR,rulaad,/Users/reimozukker/Documents/tooteliin/rulaad/date/takt_21_s2_date.png,15.03.2026,2,NA,tuvastamata,0,0.051176
PaddleOCR,rulaad,/Users/reimozukker/Documents/tooteliin/rulaad/date/takt_21_s3_date.png,15.03.2026,15.032026,15.03.2026,oige,1,0.051176
PaddleOCR,rulaad,/Users/reimozukker/Documents/tooteliin/rulaad/date/takt_21_s4_date.png,15.03.2026,15.03 20ZE,NA,tuvastamata,0,0.051176
PaddleOCR,rulaad,/Users/reimozukker/Documents/tooteliin/rulaad/date/takt_22_s1_date.png,15.03.2026,15062026,15.06.2026,vale,0,0.052107
PaddleOCR,rulaad,/Users/reimozukker/Documents/tooteliin/rulaad/date/takt_22_s2_date.png,15.03.2026,15032020,15.03.2020,vale,0,0.052107
PaddleOCR,rulaad,/Users/reimozukker/Documents/tooteliin/rulaad/date/takt_22_s3_date.png,15.03.2026,15.032026,15.03.2026,oige,1,0.052107
PaddleOCR,rulaad,/Users/reimozukker/Documents/tooteliin/rulaad/date/takt_22_s4_date.png,15.03.2026,15032028,15.03.2028,vale,0,0.052107
PaddleOCR,rulaad,/Users/reimozukker/Documents/tooteliin/rulaad/date/takt_2_s1_date.png,15.03.2026,13032026,13.03.2026,vale,0,0.051569
PaddleOCR,rulaad,/Users/reimozukker/Documents/tooteliin/rulaad/date/takt_2_s2_date.png,15.03.2026,1500272,NA,tuvastamata,0,0.051569
PaddleOCR,rulaad,/Users/reimozukker/Documents/tooteliin/rulaad/date/takt_2_s3_date.png,15.03.2026,15032026,15.03.2026,oige,1,0.051569
PaddleOCR,rulaad,/Users/reimozukker/Documents/tooteliin/rulaad/date/takt_2_s4_date.png,15.03.2026,15032026,15.03.2026,oige,1,0.051569
PaddleOCR,rulaad,/Users/reimozukker/Documents/tooteliin/rulaad/date/takt_3_s1_date.png,15.03.2026,1502026,NA,tuvastamata,0,0.051274
PaddleOCR,rulaad,/Users/reimozukker/Documents/tooteliin/rulaad/date/takt_3_s2_date.png,15.03.2026,815032020,NA,tuvastamata,0,0.051274
PaddleOCR,rulaad,/Users/reimozukker/Documents/tooteliin/rulaad/date/takt_3_s3_date.png,15.03.2026,15.032026,15.03.2026,oige,1,0.051274
PaddleOCR,rulaad,/Users/reimozukker/Documents/tooteliin/rulaad/date/takt_3_s4_date.png,15.03.2026,15032026,15.03.2026,oige,1,0.051274
PaddleOCR,rulaad,/Users/reimozukker/Documents/tooteliin/rulaad/date/takt_4_s1_date.png,15.03.2026,15032026,15.03.2026,oige,1,0.051237
PaddleOCR,rulaad,/Users/reimozukker/Documents/tooteliin/rulaad/date/takt_4_s2_date.png,15.03.2026,0020m,NA,tuvastamata,0,0.051237
PaddleOCR,rulaad,/Users/reimozukker/Documents/tooteliin/rulaad/date/takt_4_s3_date.png,15.03.2026,15032026,15.03.2026,oige,1,0.051237
PaddleOCR,rulaad,/Users/reimozukker/Documents/tooteliin/rulaad/date/takt_4_s4_date.png,15.03.2026,15032026,15.03.2026,oige,1,0.051237
PaddleOCR,rulaad,/Users/reimozukker/Documents/tooteliin/rulaad/date/takt_5_s1_date.png,15.03.2026,15032026,15.03.2026,oige,1,0.051165
PaddleOCR,rulaad,/Users/reimozukker/Documents/tooteliin/rulaad/date/takt_5_s2_date.png,15.03.2026,150207m,NA,tuvastamata,0,0.051165
PaddleOCR,rulaad,/Users/reimozukker/Documents/tooteliin/rulaad/date/takt_5_s3_date.png,15.03.2026,15 32026,NA,tuvastamata,0,0.051165
PaddleOCR,rulaad,/Users/reimozukker/Documents/tooteliin/rulaad/date/takt_5_s4_date.png,15.03.2026,15022026,15.02.2026,vale,0,0.051165
PaddleOCR,rulaad,/Users/reimozukker/Documents/tooteliin/rulaad/date/takt_6_s1_date.png,15.03.2026,15032026,15.03.2026,oige,1,0.052567
PaddleOCR,rulaad,/Users/reimozukker/Documents/tooteliin/rulaad/date/takt_6_s2_date.png,15.03.2026,5270,NA,tuvastamata,0,0.052567
PaddleOCR,rulaad,/Users/reimozukker/Documents/tooteliin/rulaad/date/takt_6_s3_date.png,15.03.2026,15032026,15.03.2026,oige,1,0.052567
PaddleOCR,rulaad,/Users/reimozukker/Documents/tooteliin/rulaad/date/takt_6_s4_date.png,15.03.2026,15032026,15.03.2026,oige,1,0.052567
PaddleOCR,rulaad,/Users/reimozukker/Documents/tooteliin/rulaad/date/takt_7_s1_date.png,15.03.2026,1502026,NA,tuvastamata,0,0.052460
PaddleOCR,rulaad,/Users/reimozukker/Documents/tooteliin/rulaad/date/takt_7_s2_date.png,15.03.2026,0326,NA,tuvastamata,0,0.052460
PaddleOCR,rulaad,/Users/reimozukker/Documents/tooteliin/rulaad/date/takt_7_s3_date.png,15.03.2026,15032026,15.03.2026,oige,1,0.052460
PaddleOCR,rulaad,/Users/reimozukker/Documents/tooteliin/rulaad/date/takt_7_s4_date.png,15.03.2026,15032026,15.03.2026,oige,1,0.052460
PaddleOCR,rulaad,/Users/reimozukker/Documents/tooteliin/rulaad/date/takt_8_s1_date.png,15.03.2026,15002026,15.00.2026,vale,0,0.052716
PaddleOCR,rulaad,/Users/reimozukker/Documents/tooteliin/rulaad/date/takt_8_s2_date.png,15.03.2026,1500ZR,NA,tuvastamata,0,0.052716
PaddleOCR,rulaad,/Users/reimozukker/Documents/tooteliin/rulaad/date/takt_8_s3_date.png,15.03.2026,15032026,15.03.2026,oige,1,0.052716
PaddleOCR,rulaad,/Users/reimozukker/Documents/tooteliin/rulaad/date/takt_8_s4_date.png,15.03.2026,15.03.2026,15.03.2026,oige,1,0.052716
PaddleOCR,rulaad,/Users/reimozukker/Documents/tooteliin/rulaad/date/takt_9_s1_date.png,15.03.2026,1032028,NA,tuvastamata,0,0.051231
PaddleOCR,rulaad,/Users/reimozukker/Documents/tooteliin/rulaad/date/takt_9_s2_date.png,15.03.2026,5azia,NA,tuvastamata,0,0.051231
PaddleOCR,rulaad,/Users/reimozukker/Documents/tooteliin/rulaad/date/takt_9_s3_date.png,15.03.2026,15 03.2026,15.03.2026,oige,1,0.051231
PaddleOCR,rulaad,/Users/reimozukker/Documents/tooteliin/rulaad/date/takt_9_s4_date.png,15.03.2026,15 03.2028,15.03.2028,vale,0,0.051231
PaddleOCR,kalkun,/Users/reimozukker/Documents/tooteliin/kalkun/date/takt_10_s1_date.png,15.03.2026,9032026,NA,tuvastamata,0,0.051045
PaddleOCR,kalkun,/Users/reimozukker/Documents/tooteliin/kalkun/date/takt_10_s2_date.png,15.03.2026,Q00320207,NA,tuvastamata,0,0.051045
PaddleOCR,kalkun,/Users/reimozukker/Documents/tooteliin/kalkun/date/takt_10_s3_date.png,15.03.2026,15.032026,15.03.2026,oige,1,0.051045
PaddleOCR,kalkun,/Users/reimozukker/Documents/tooteliin/kalkun/date/takt_10_s4_date.png,15.03.2026,15002026,15.00.2026,vale,0,0.051045
PaddleOCR,kalkun,/Users/reimozukker/Documents/tooteliin/kalkun/date/takt_11_s1_date.png,15.03.2026,15082026,15.08.2026,vale,0,0.051125
PaddleOCR,kalkun,/Users/reimozukker/Documents/tooteliin/kalkun/date/takt_11_s2_date.png,15.03.2026,150320207,NA,tuvastamata,0,0.051125
PaddleOCR,kalkun,/Users/reimozukker/Documents/tooteliin/kalkun/date/takt_11_s3_date.png,15.03.2026,15.03 2026,15.03.2026,oige,1,0.051125
PaddleOCR,kalkun,/Users/reimozukker/Documents/tooteliin/kalkun/date/takt_11_s4_date.png,15.03.2026,15012026,15.01.2026,vale,0,0.051125
PaddleOCR,kalkun,/Users/reimozukker/Documents/tooteliin/kalkun/date/takt_12_s1_date.png,15.03.2026,12032026,12.03.2026,vale,0,0.051100
PaddleOCR,kalkun,/Users/reimozukker/Documents/tooteliin/kalkun/date/takt_12_s2_date.png,15.03.2026,96032026,96.03.2026,vale,0,0.051100
PaddleOCR,kalkun,/Users/reimozukker/Documents/tooteliin/kalkun/date/takt_12_s3_date.png,15.03.2026,15.03.2026,15.03.2026,oige,1,0.051100
PaddleOCR,kalkun,/Users/reimozukker/Documents/tooteliin/kalkun/date/takt_12_s4_date.png,15.03.2026,15032026,15.03.2026,oige,1,0.051100
PaddleOCR,kalkun,/Users/reimozukker/Documents/tooteliin/kalkun/date/takt_13_s1_date.png,15.03.2026,15032026,15.03.2026,oige,1,0.051299
PaddleOCR,kalkun,/Users/reimozukker/Documents/tooteliin/kalkun/date/takt_13_s2_date.png,15.03.2026,S60370261,NA,tuvastamata,0,0.051299
PaddleOCR,kalkun,/Users/reimozukker/Documents/tooteliin/kalkun/date/takt_13_s3_date.png,15.03.2026,15.032026,15.03.2026,oige,1,0.051299
PaddleOCR,kalkun,/Users/reimozukker/Documents/tooteliin/kalkun/date/takt_13_s4_date.png,15.03.2026,150320ZE,NA,tuvastamata,0,0.051299
PaddleOCR,kalkun,/Users/reimozukker/Documents/tooteliin/kalkun/date/takt_14_s1_date.png,15.03.2026,15032026,15.03.2026,oige,1,0.050979
PaddleOCR,kalkun,/Users/reimozukker/Documents/tooteliin/kalkun/date/takt_14_s2_date.png,15.03.2026,10020261,10.02.0261,vale,0,0.050979
PaddleOCR,kalkun,/Users/reimozukker/Documents/tooteliin/kalkun/date/takt_14_s3_date.png,15.03.2026,15.03 2026,15.03.2026,oige,1,0.050979
PaddleOCR,kalkun,/Users/reimozukker/Documents/tooteliin/kalkun/date/takt_14_s4_date.png,15.03.2026,1E012026,NA,tuvastamata,0,0.050979
PaddleOCR,kalkun,/Users/reimozukker/Documents/tooteliin/kalkun/date/takt_15_s1_date.png,15.03.2026,15-032028,15.03.2028,vale,0,0.050911
PaddleOCR,kalkun,/Users/reimozukker/Documents/tooteliin/kalkun/date/takt_15_s2_date.png,15.03.2026,S80320267,NA,tuvastamata,0,0.050911
PaddleOCR,kalkun,/Users/reimozukker/Documents/tooteliin/kalkun/date/takt_15_s3_date.png,15.03.2026,15.032026,15.03.2026,oige,1,0.050911
PaddleOCR,kalkun,/Users/reimozukker/Documents/tooteliin/kalkun/date/takt_15_s4_date.png,15.03.2026,150J2026,NA,tuvastamata,0,0.050911
PaddleOCR,kalkun,/Users/reimozukker/Documents/tooteliin/kalkun/date/takt_16_s1_date.png,15.03.2026,1503202E,NA,tuvastamata,0,0.051096
PaddleOCR,kalkun,/Users/reimozukker/Documents/tooteliin/kalkun/date/takt_16_s2_date.png,15.03.2026,10032026,10.03.2026,vale,0,0.051096
PaddleOCR,kalkun,/Users/reimozukker/Documents/tooteliin/kalkun/date/takt_16_s3_date.png,15.03.2026,15.03 2026,15.03.2026,oige,1,0.051096
PaddleOCR,kalkun,/Users/reimozukker/Documents/tooteliin/kalkun/date/takt_16_s4_date.png,15.03.2026,15032026,15.03.2026,oige,1,0.051096
PaddleOCR,kalkun,/Users/reimozukker/Documents/tooteliin/kalkun/date/takt_17_s1_date.png,15.03.2026,18032026,18.03.2026,vale,0,0.051038
PaddleOCR,kalkun,/Users/reimozukker/Documents/tooteliin/kalkun/date/takt_17_s2_date.png,15.03.2026,G00020200,NA,tuvastamata,0,0.051038
PaddleOCR,kalkun,/Users/reimozukker/Documents/tooteliin/kalkun/date/takt_17_s3_date.png,15.03.2026,15.03.2026,15.03.2026,oige,1,0.051038
PaddleOCR,kalkun,/Users/reimozukker/Documents/tooteliin/kalkun/date/takt_17_s4_date.png,15.03.2026,15032026,15.03.2026,oige,1,0.051038
PaddleOCR,kalkun,/Users/reimozukker/Documents/tooteliin/kalkun/date/takt_18_s1_date.png,15.03.2026,15032026,15.03.2026,oige,1,0.051022
PaddleOCR,kalkun,/Users/reimozukker/Documents/tooteliin/kalkun/date/takt_18_s2_date.png,15.03.2026,S0002020,50.00.2020,vale,0,0.051022
PaddleOCR,kalkun,/Users/reimozukker/Documents/tooteliin/kalkun/date/takt_18_s3_date.png,15.03.2026,15.03 2026,15.03.2026,oige,1,0.051022
PaddleOCR,kalkun,/Users/reimozukker/Documents/tooteliin/kalkun/date/takt_18_s4_date.png,15.03.2026,15832026,15.03.2026,oige,1,0.051022
PaddleOCR,kalkun,/Users/reimozukker/Documents/tooteliin/kalkun/date/takt_19_s1_date.png,15.03.2026,15032026,15.03.2026,oige,1,0.051152
PaddleOCR,kalkun,/Users/reimozukker/Documents/tooteliin/kalkun/date/takt_19_s2_date.png,15.03.2026,160320261,NA,tuvastamata,0,0.051152
PaddleOCR,kalkun,/Users/reimozukker/Documents/tooteliin/kalkun/date/takt_19_s3_date.png,15.03.2026,15.032026,15.03.2026,oige,1,0.051152
PaddleOCR,kalkun,/Users/reimozukker/Documents/tooteliin/kalkun/date/takt_19_s4_date.png,15.03.2026,15032026,15.03.2026,oige,1,0.051152
PaddleOCR,kalkun,/Users/reimozukker/Documents/tooteliin/kalkun/date/takt_1_s1_date.png,15.03.2026,15032026,15.03.2026,oige,1,0.051042
PaddleOCR,kalkun,/Users/reimozukker/Documents/tooteliin/kalkun/date/takt_1_s2_date.png,15.03.2026,1D02026,NA,tuvastamata,0,0.051042
PaddleOCR,kalkun,/Users/reimozukker/Documents/tooteliin/kalkun/date/takt_1_s3_date.png,15.03.2026,15.032026,15.03.2026,oige,1,0.051042
PaddleOCR,kalkun,/Users/reimozukker/Documents/tooteliin/kalkun/date/takt_1_s4_date.png,15.03.2026,T,NA,tuvastamata,0,0.051042
PaddleOCR,kalkun,/Users/reimozukker/Documents/tooteliin/kalkun/date/takt_20_s1_date.png,15.03.2026,15932026,15.03.2026,oige,1,0.051731
PaddleOCR,kalkun,/Users/reimozukker/Documents/tooteliin/kalkun/date/takt_20_s2_date.png,15.03.2026,CK037026,NA,tuvastamata,0,0.051731
PaddleOCR,kalkun,/Users/reimozukker/Documents/tooteliin/kalkun/date/takt_20_s3_date.png,15.03.2026,15.032026,15.03.2026,oige,1,0.051731
PaddleOCR,kalkun,/Users/reimozukker/Documents/tooteliin/kalkun/date/takt_20_s4_date.png,15.03.2026,15022026,15.02.2026,vale,0,0.051731
PaddleOCR,kalkun,/Users/reimozukker/Documents/tooteliin/kalkun/date/takt_21_s1_date.png,15.03.2026,15032026,15.03.2026,oige,1,0.051712
PaddleOCR,kalkun,/Users/reimozukker/Documents/tooteliin/kalkun/date/takt_21_s2_date.png,15.03.2026,50020207,50.02.0207,vale,0,0.051712
PaddleOCR,kalkun,/Users/reimozukker/Documents/tooteliin/kalkun/date/takt_21_s3_date.png,15.03.2026,15.03 2026,15.03.2026,oige,1,0.051712
PaddleOCR,kalkun,/Users/reimozukker/Documents/tooteliin/kalkun/date/takt_21_s4_date.png,15.03.2026,15032028,15.03.2028,vale,0,0.051712
PaddleOCR,kalkun,/Users/reimozukker/Documents/tooteliin/kalkun/date/takt_22_s1_date.png,15.03.2026,1503202E,NA,tuvastamata,0,0.051734
PaddleOCR,kalkun,/Users/reimozukker/Documents/tooteliin/kalkun/date/takt_22_s2_date.png,15.03.2026,060320261,NA,tuvastamata,0,0.051734
PaddleOCR,kalkun,/Users/reimozukker/Documents/tooteliin/kalkun/date/takt_22_s3_date.png,15.03.2026,1903 2026,19.03.2026,vale,0,0.051734
PaddleOCR,kalkun,/Users/reimozukker/Documents/tooteliin/kalkun/date/takt_22_s4_date.png,15.03.2026,15812026,15.01.2026,vale,0,0.051734
PaddleOCR,kalkun,/Users/reimozukker/Documents/tooteliin/kalkun/date/takt_23_s1_date.png,15.03.2026,16032026,16.03.2026,vale,0,0.051732
PaddleOCR,kalkun,/Users/reimozukker/Documents/tooteliin/kalkun/date/takt_23_s2_date.png,15.03.2026,1G082026,NA,tuvastamata,0,0.051732
PaddleOCR,kalkun,/Users/reimozukker/Documents/tooteliin/kalkun/date/takt_23_s3_date.png,15.03.2026,15.032026,15.03.2026,oige,1,0.051732
PaddleOCR,kalkun,/Users/reimozukker/Documents/tooteliin/kalkun/date/takt_23_s4_date.png,15.03.2026,15032028,15.03.2028,vale,0,0.051732
PaddleOCR,kalkun,/Users/reimozukker/Documents/tooteliin/kalkun/date/takt_24_s1_date.png,15.03.2026,15032026,15.03.2026,oige,1,0.051579
PaddleOCR,kalkun,/Users/reimozukker/Documents/tooteliin/kalkun/date/takt_24_s2_date.png,15.03.2026,A00320260,NA,tuvastamata,0,0.051579
PaddleOCR,kalkun,/Users/reimozukker/Documents/tooteliin/kalkun/date/takt_24_s3_date.png,15.03.2026,16.03 2026,16.03.2026,vale,0,0.051579
PaddleOCR,kalkun,/Users/reimozukker/Documents/tooteliin/kalkun/date/takt_24_s4_date.png,15.03.2026,15032026,15.03.2026,oige,1,0.051579
PaddleOCR,kalkun,/Users/reimozukker/Documents/tooteliin/kalkun/date/takt_2_s1_date.png,15.03.2026,15032026,15.03.2026,oige,1,0.051194
PaddleOCR,kalkun,/Users/reimozukker/Documents/tooteliin/kalkun/date/takt_2_s2_date.png,15.03.2026,10032028,10.03.2028,vale,0,0.051194
PaddleOCR,kalkun,/Users/reimozukker/Documents/tooteliin/kalkun/date/takt_2_s3_date.png,15.03.2026,1503 2026,15.03.2026,oige,1,0.051194
PaddleOCR,kalkun,/Users/reimozukker/Documents/tooteliin/kalkun/date/takt_2_s4_date.png,15.03.2026,1503226,NA,tuvastamata,0,0.051194
PaddleOCR,kalkun,/Users/reimozukker/Documents/tooteliin/kalkun/date/takt_3_s1_date.png,15.03.2026,16032026,16.03.2026,vale,0,0.051299
PaddleOCR,kalkun,/Users/reimozukker/Documents/tooteliin/kalkun/date/takt_3_s2_date.png,15.03.2026,96032026,96.03.2026,vale,0,0.051299
PaddleOCR,kalkun,/Users/reimozukker/Documents/tooteliin/kalkun/date/takt_3_s3_date.png,15.03.2026,15.032026,15.03.2026,oige,1,0.051299
PaddleOCR,kalkun,/Users/reimozukker/Documents/tooteliin/kalkun/date/takt_3_s4_date.png,15.03.2026,1502025,NA,tuvastamata,0,0.051299
PaddleOCR,kalkun,/Users/reimozukker/Documents/tooteliin/kalkun/date/takt_4_s1_date.png,15.03.2026,15032026,15.03.2026,oige,1,0.051193
PaddleOCR,kalkun,/Users/reimozukker/Documents/tooteliin/kalkun/date/takt_4_s2_date.png,15.03.2026,Q50320261,NA,tuvastamata,0,0.051193
PaddleOCR,kalkun,/Users/reimozukker/Documents/tooteliin/kalkun/date/takt_4_s3_date.png,15.03.2026,16.032026,16.03.2026,vale,0,0.051193
PaddleOCR,kalkun,/Users/reimozukker/Documents/tooteliin/kalkun/date/takt_4_s4_date.png,15.03.2026,13012026,13.01.2026,vale,0,0.051193
PaddleOCR,kalkun,/Users/reimozukker/Documents/tooteliin/kalkun/date/takt_5_s1_date.png,15.03.2026,15032026,15.03.2026,oige,1,0.051132
PaddleOCR,kalkun,/Users/reimozukker/Documents/tooteliin/kalkun/date/takt_5_s2_date.png,15.03.2026,20320267,20.02.0267,vale,0,0.051132
PaddleOCR,kalkun,/Users/reimozukker/Documents/tooteliin/kalkun/date/takt_5_s3_date.png,15.03.2026,1503 2026,15.03.2026,oige,1,0.051132
PaddleOCR,kalkun,/Users/reimozukker/Documents/tooteliin/kalkun/date/takt_5_s4_date.png,15.03.2026,15.032026,15.03.2026,oige,1,0.051132
PaddleOCR,kalkun,/Users/reimozukker/Documents/tooteliin/kalkun/date/takt_6_s1_date.png,15.03.2026,15032026,15.03.2026,oige,1,0.051006
PaddleOCR,kalkun,/Users/reimozukker/Documents/tooteliin/kalkun/date/takt_6_s2_date.png,15.03.2026,N6002020,NA,tuvastamata,0,0.051006
PaddleOCR,kalkun,/Users/reimozukker/Documents/tooteliin/kalkun/date/takt_6_s3_date.png,15.03.2026,15.03.2026,15.03.2026,oige,1,0.051006
PaddleOCR,kalkun,/Users/reimozukker/Documents/tooteliin/kalkun/date/takt_6_s4_date.png,15.03.2026,1503202,NA,tuvastamata,0,0.051006
PaddleOCR,kalkun,/Users/reimozukker/Documents/tooteliin/kalkun/date/takt_7_s1_date.png,15.03.2026,15032026,15.03.2026,oige,1,0.052317
PaddleOCR,kalkun,/Users/reimozukker/Documents/tooteliin/kalkun/date/takt_7_s2_date.png,15.03.2026,0020207,NA,tuvastamata,0,0.052317
PaddleOCR,kalkun,/Users/reimozukker/Documents/tooteliin/kalkun/date/takt_7_s3_date.png,15.03.2026,15.03.2026,15.03.2026,oige,1,0.052317
PaddleOCR,kalkun,/Users/reimozukker/Documents/tooteliin/kalkun/date/takt_7_s4_date.png,15.03.2026,15.02 2026,15.02.2026,vale,0,0.052317
PaddleOCR,kalkun,/Users/reimozukker/Documents/tooteliin/kalkun/date/takt_8_s1_date.png,15.03.2026,10032026,10.03.2026,vale,0,0.051728
PaddleOCR,kalkun,/Users/reimozukker/Documents/tooteliin/kalkun/date/takt_8_s2_date.png,15.03.2026,Q0032020,NA,tuvastamata,0,0.051728
PaddleOCR,kalkun,/Users/reimozukker/Documents/tooteliin/kalkun/date/takt_8_s3_date.png,15.03.2026,15.03 2026,15.03.2026,oige,1,0.051728
PaddleOCR,kalkun,/Users/reimozukker/Documents/tooteliin/kalkun/date/takt_8_s4_date.png,15.03.2026,15012026,15.01.2026,vale,0,0.051728
PaddleOCR,kalkun,/Users/reimozukker/Documents/tooteliin/kalkun/date/takt_9_s1_date.png,15.03.2026,150320Z6,15.03.2026,oige,1,0.051365
PaddleOCR,kalkun,/Users/reimozukker/Documents/tooteliin/kalkun/date/takt_9_s2_date.png,15.03.2026,5032026,NA,tuvastamata,0,0.051365
PaddleOCR,kalkun,/Users/reimozukker/Documents/tooteliin/kalkun/date/takt_9_s3_date.png,15.03.2026,15.03 2026,15.03.2026,oige,1,0.051365
PaddleOCR,kalkun,/Users/reimozukker/Documents/tooteliin/kalkun/date/takt_9_s4_date.png,15.03.2026,15022023,15.02.2023,vale,0,0.051365
PaddleOCR,veis,/Users/reimozukker/Documents/tooteliin/veis/date/takt_10_s1_date.png,15.03.2026,15032026,15.03.2026,oige,1,0.051153
PaddleOCR,veis,/Users/reimozukker/Documents/tooteliin/veis/date/takt_10_s2_date.png,15.03.2026,107,NA,tuvastamata,0,0.051153
PaddleOCR,veis,/Users/reimozukker/Documents/tooteliin/veis/date/takt_10_s3_date.png,15.03.2026,15.03 2026,15.03.2026,oige,1,0.051153
PaddleOCR,veis,/Users/reimozukker/Documents/tooteliin/veis/date/takt_10_s4_date.png,15.03.2026,150320ZE,NA,tuvastamata,0,0.051153
PaddleOCR,veis,/Users/reimozukker/Documents/tooteliin/veis/date/takt_11_s1_date.png,15.03.2026,15032026,15.03.2026,oige,1,0.051095
PaddleOCR,veis,/Users/reimozukker/Documents/tooteliin/veis/date/takt_11_s2_date.png,15.03.2026,100320,NA,tuvastamata,0,0.051095
PaddleOCR,veis,/Users/reimozukker/Documents/tooteliin/veis/date/takt_11_s3_date.png,15.03.2026,15032026,15.03.2026,oige,1,0.051095
PaddleOCR,veis,/Users/reimozukker/Documents/tooteliin/veis/date/takt_11_s4_date.png,15.03.2026,1580202E,NA,tuvastamata,0,0.051095
PaddleOCR,veis,/Users/reimozukker/Documents/tooteliin/veis/date/takt_12_s1_date.png,15.03.2026,15032026,15.03.2026,oige,1,0.051171
PaddleOCR,veis,/Users/reimozukker/Documents/tooteliin/veis/date/takt_12_s2_date.png,15.03.2026,Dana7i,NA,tuvastamata,0,0.051171
PaddleOCR,veis,/Users/reimozukker/Documents/tooteliin/veis/date/takt_12_s3_date.png,15.03.2026,15032026,15.03.2026,oige,1,0.051171
PaddleOCR,veis,/Users/reimozukker/Documents/tooteliin/veis/date/takt_12_s4_date.png,15.03.2026,1503.2026,15.03.2026,oige,1,0.051171
PaddleOCR,veis,/Users/reimozukker/Documents/tooteliin/veis/date/takt_13_s1_date.png,15.03.2026,1032026,NA,tuvastamata,0,0.051080
PaddleOCR,veis,/Users/reimozukker/Documents/tooteliin/veis/date/takt_13_s2_date.png,15.03.2026,0om0,NA,tuvastamata,0,0.051080
PaddleOCR,veis,/Users/reimozukker/Documents/tooteliin/veis/date/takt_13_s3_date.png,15.03.2026,15032026,15.03.2026,oige,1,0.051080
PaddleOCR,veis,/Users/reimozukker/Documents/tooteliin/veis/date/takt_13_s4_date.png,15.03.2026,15032026,15.03.2026,oige,1,0.051080
PaddleOCR,veis,/Users/reimozukker/Documents/tooteliin/veis/date/takt_14_s1_date.png,15.03.2026,15032026,15.03.2026,oige,1,0.051231
PaddleOCR,veis,/Users/reimozukker/Documents/tooteliin/veis/date/takt_14_s2_date.png,15.03.2026,1G0aztze,NA,tuvastamata,0,0.051231
PaddleOCR,veis,/Users/reimozukker/Documents/tooteliin/veis/date/takt_14_s3_date.png,15.03.2026,15032026,15.03.2026,oige,1,0.051231
PaddleOCR,veis,/Users/reimozukker/Documents/tooteliin/veis/date/takt_14_s4_date.png,15.03.2026,1503202,NA,tuvastamata,0,0.051231
PaddleOCR,veis,/Users/reimozukker/Documents/tooteliin/veis/date/takt_15_s1_date.png,15.03.2026,15032026,15.03.2026,oige,1,0.051074
PaddleOCR,veis,/Users/reimozukker/Documents/tooteliin/veis/date/takt_15_s2_date.png,15.03.2026,0202,NA,tuvastamata,0,0.051074
PaddleOCR,veis,/Users/reimozukker/Documents/tooteliin/veis/date/takt_15_s3_date.png,15.03.2026,15.032026,15.03.2026,oige,1,0.051074
PaddleOCR,veis,/Users/reimozukker/Documents/tooteliin/veis/date/takt_15_s4_date.png,15.03.2026,1503202E,NA,tuvastamata,0,0.051074
PaddleOCR,veis,/Users/reimozukker/Documents/tooteliin/veis/date/takt_16_s1_date.png,15.03.2026,15032026,15.03.2026,oige,1,0.051134
PaddleOCR,veis,/Users/reimozukker/Documents/tooteliin/veis/date/takt_16_s2_date.png,15.03.2026,1002e,NA,tuvastamata,0,0.051134
PaddleOCR,veis,/Users/reimozukker/Documents/tooteliin/veis/date/takt_16_s3_date.png,15.03.2026,15.032026,15.03.2026,oige,1,0.051134
PaddleOCR,veis,/Users/reimozukker/Documents/tooteliin/veis/date/takt_16_s4_date.png,15.03.2026,15032026,15.03.2026,oige,1,0.051134
PaddleOCR,veis,/Users/reimozukker/Documents/tooteliin/veis/date/takt_17_s1_date.png,15.03.2026,15032026,15.03.2026,oige,1,0.052384
PaddleOCR,veis,/Users/reimozukker/Documents/tooteliin/veis/date/takt_17_s2_date.png,15.03.2026,102E2E,NA,tuvastamata,0,0.052384
PaddleOCR,veis,/Users/reimozukker/Documents/tooteliin/veis/date/takt_17_s3_date.png,15.03.2026,15032026,15.03.2026,oige,1,0.052384
PaddleOCR,veis,/Users/reimozukker/Documents/tooteliin/veis/date/takt_17_s4_date.png,15.03.2026,15832026,15.03.2026,oige,1,0.052384
PaddleOCR,veis,/Users/reimozukker/Documents/tooteliin/veis/date/takt_18_s1_date.png,15.03.2026,15032026,15.03.2026,oige,1,0.052099
PaddleOCR,veis,/Users/reimozukker/Documents/tooteliin/veis/date/takt_18_s2_date.png,15.03.2026,100,NA,tuvastamata,0,0.052099
PaddleOCR,veis,/Users/reimozukker/Documents/tooteliin/veis/date/takt_18_s3_date.png,15.03.2026,16032026,16.03.2026,vale,0,0.052099
PaddleOCR,veis,/Users/reimozukker/Documents/tooteliin/veis/date/takt_18_s4_date.png,15.03.2026,15.032026,15.03.2026,oige,1,0.052099
PaddleOCR,veis,/Users/reimozukker/Documents/tooteliin/veis/date/takt_19_s1_date.png,15.03.2026,150320266,NA,tuvastamata,0,0.052407
PaddleOCR,veis,/Users/reimozukker/Documents/tooteliin/veis/date/takt_19_s2_date.png,15.03.2026,S00N2026,NA,tuvastamata,0,0.052407
PaddleOCR,veis,/Users/reimozukker/Documents/tooteliin/veis/date/takt_19_s3_date.png,15.03.2026,15032026,15.03.2026,oige,1,0.052407
PaddleOCR,veis,/Users/reimozukker/Documents/tooteliin/veis/date/takt_19_s4_date.png,15.03.2026,1502026,NA,tuvastamata,0,0.052407
PaddleOCR,veis,/Users/reimozukker/Documents/tooteliin/veis/date/takt_20_s1_date.png,15.03.2026,15032026,15.03.2026,oige,1,0.052377
PaddleOCR,veis,/Users/reimozukker/Documents/tooteliin/veis/date/takt_20_s2_date.png,15.03.2026,15012026,15.01.2026,vale,0,0.052377
PaddleOCR,veis,/Users/reimozukker/Documents/tooteliin/veis/date/takt_20_s3_date.png,15.03.2026,15032026,15.03.2026,oige,1,0.052377
PaddleOCR,veis,/Users/reimozukker/Documents/tooteliin/veis/date/takt_20_s4_date.png,15.03.2026,15032020,15.03.2020,vale,0,0.052377
PaddleOCR,veis,/Users/reimozukker/Documents/tooteliin/veis/date/takt_21_s1_date.png,15.03.2026,15032026,15.03.2026,oige,1,0.052202
PaddleOCR,veis,/Users/reimozukker/Documents/tooteliin/veis/date/takt_21_s2_date.png,15.03.2026,10052026,10.05.2026,vale,0,0.052202
PaddleOCR,veis,/Users/reimozukker/Documents/tooteliin/veis/date/takt_21_s3_date.png,15.03.2026,1503.2026,15.03.2026,oige,1,0.052202
PaddleOCR,veis,/Users/reimozukker/Documents/tooteliin/veis/date/takt_21_s4_date.png,15.03.2026,1503202E,NA,tuvastamata,0,0.052202
PaddleOCR,veis,/Users/reimozukker/Documents/tooteliin/veis/date/takt_22_s1_date.png,15.03.2026,15032026,15.03.2026,oige,1,0.052908
PaddleOCR,veis,/Users/reimozukker/Documents/tooteliin/veis/date/takt_22_s2_date.png,15.03.2026,15032020,15.03.2020,vale,0,0.052908
PaddleOCR,veis,/Users/reimozukker/Documents/tooteliin/veis/date/takt_22_s3_date.png,15.03.2026,15.032026,15.03.2026,oige,1,0.052908
PaddleOCR,veis,/Users/reimozukker/Documents/tooteliin/veis/date/takt_22_s4_date.png,15.03.2026,AR0J20Z6,NA,tuvastamata,0,0.052908
PaddleOCR,veis,/Users/reimozukker/Documents/tooteliin/veis/date/takt_23_s1_date.png,15.03.2026,15032026,15.03.2026,oige,1,0.051788
PaddleOCR,veis,/Users/reimozukker/Documents/tooteliin/veis/date/takt_23_s2_date.png,15.03.2026,2N032020,NA,tuvastamata,0,0.051788
PaddleOCR,veis,/Users/reimozukker/Documents/tooteliin/veis/date/takt_23_s3_date.png,15.03.2026,15032026,15.03.2026,oige,1,0.051788
PaddleOCR,veis,/Users/reimozukker/Documents/tooteliin/veis/date/takt_23_s4_date.png,15.03.2026,15032026,15.03.2026,oige,1,0.051788
PaddleOCR,veis,/Users/reimozukker/Documents/tooteliin/veis/date/takt_2_s1_date.png,15.03.2026,15032026,15.03.2026,oige,1,0.051113
PaddleOCR,veis,/Users/reimozukker/Documents/tooteliin/veis/date/takt_2_s2_date.png,15.03.2026,0037020,NA,tuvastamata,0,0.051113
PaddleOCR,veis,/Users/reimozukker/Documents/tooteliin/veis/date/takt_2_s3_date.png,15.03.2026,15.03 2026,15.03.2026,oige,1,0.051113
PaddleOCR,veis,/Users/reimozukker/Documents/tooteliin/veis/date/takt_2_s4_date.png,15.03.2026,1503202F,NA,tuvastamata,0,0.051113
PaddleOCR,veis,/Users/reimozukker/Documents/tooteliin/veis/date/takt_3_s1_date.png,15.03.2026,15032026,15.03.2026,oige,1,0.050951
PaddleOCR,veis,/Users/reimozukker/Documents/tooteliin/veis/date/takt_3_s2_date.png,15.03.2026,15032020,15.03.2020,vale,0,0.050951
PaddleOCR,veis,/Users/reimozukker/Documents/tooteliin/veis/date/takt_3_s3_date.png,15.03.2026,15032026,15.03.2026,oige,1,0.050951
PaddleOCR,veis,/Users/reimozukker/Documents/tooteliin/veis/date/takt_3_s4_date.png,15.03.2026,1503202,NA,tuvastamata,0,0.050951
PaddleOCR,veis,/Users/reimozukker/Documents/tooteliin/veis/date/takt_4_s1_date.png,15.03.2026,15032026,15.03.2026,oige,1,0.050957
PaddleOCR,veis,/Users/reimozukker/Documents/tooteliin/veis/date/takt_4_s2_date.png,15.03.2026,Q5032022,NA,tuvastamata,0,0.050957
PaddleOCR,veis,/Users/reimozukker/Documents/tooteliin/veis/date/takt_4_s3_date.png,15.03.2026,16.032026,16.03.2026,vale,0,0.050957
PaddleOCR,veis,/Users/reimozukker/Documents/tooteliin/veis/date/takt_4_s4_date.png,15.03.2026,15032026,15.03.2026,oige,1,0.050957
PaddleOCR,veis,/Users/reimozukker/Documents/tooteliin/veis/date/takt_5_s1_date.png,15.03.2026,15032026,15.03.2026,oige,1,0.052417
PaddleOCR,veis,/Users/reimozukker/Documents/tooteliin/veis/date/takt_5_s2_date.png,15.03.2026,2030Z6,NA,tuvastamata,0,0.052417
PaddleOCR,veis,/Users/reimozukker/Documents/tooteliin/veis/date/takt_5_s3_date.png,15.03.2026,15.03 2026,15.03.2026,oige,1,0.052417
PaddleOCR,veis,/Users/reimozukker/Documents/tooteliin/veis/date/takt_5_s4_date.png,15.03.2026,15032028,15.03.2028,vale,0,0.052417
PaddleOCR,veis,/Users/reimozukker/Documents/tooteliin/veis/date/takt_6_s1_date.png,15.03.2026,15032026,15.03.2026,oige,1,0.051491
PaddleOCR,veis,/Users/reimozukker/Documents/tooteliin/veis/date/takt_6_s2_date.png,15.03.2026,150320201,NA,tuvastamata,0,0.051491
PaddleOCR,veis,/Users/reimozukker/Documents/tooteliin/veis/date/takt_6_s3_date.png,15.03.2026,15.03 2026,15.03.2026,oige,1,0.051491
PaddleOCR,veis,/Users/reimozukker/Documents/tooteliin/veis/date/takt_6_s4_date.png,15.03.2026,1503202,NA,tuvastamata,0,0.051491
PaddleOCR,veis,/Users/reimozukker/Documents/tooteliin/veis/date/takt_7_s1_date.png,15.03.2026,15032026,15.03.2026,oige,1,0.052510
PaddleOCR,veis,/Users/reimozukker/Documents/tooteliin/veis/date/takt_7_s2_date.png,15.03.2026,15082026,15.08.2026,vale,0,0.052510
PaddleOCR,veis,/Users/reimozukker/Documents/tooteliin/veis/date/takt_7_s3_date.png,15.03.2026,15032026,15.03.2026,oige,1,0.052510
PaddleOCR,veis,/Users/reimozukker/Documents/tooteliin/veis/date/takt_7_s4_date.png,15.03.2026,15.0320Z6,15.03.2026,oige,1,0.052510
PaddleOCR,veis,/Users/reimozukker/Documents/tooteliin/veis/date/takt_8_s1_date.png,15.03.2026,015032026,NA,tuvastamata,0,0.051902
PaddleOCR,veis,/Users/reimozukker/Documents/tooteliin/veis/date/takt_8_s2_date.png,15.03.2026,16082020,16.08.2020,vale,0,0.051902
PaddleOCR,veis,/Users/reimozukker/Documents/tooteliin/veis/date/takt_8_s3_date.png,15.03.2026,15.032026,15.03.2026,oige,1,0.051902
PaddleOCR,veis,/Users/reimozukker/Documents/tooteliin/veis/date/takt_8_s4_date.png,15.03.2026,15032026,15.03.2026,oige,1,0.051902
PaddleOCR,veis,/Users/reimozukker/Documents/tooteliin/veis/date/takt_9_s1_date.png,15.03.2026,1503.2026,15.03.2026,oige,1,0.051866
PaddleOCR,veis,/Users/reimozukker/Documents/tooteliin/veis/date/takt_9_s2_date.png,15.03.2026,CMRO,NA,tuvastamata,0,0.051866
PaddleOCR,veis,/Users/reimozukker/Documents/tooteliin/veis/date/takt_9_s3_date.png,15.03.2026,15.032026,15.03.2026,oige,1,0.051866
PaddleOCR,veis,/Users/reimozukker/Documents/tooteliin/veis/date/takt_9_s4_date.png,15.03.2026,15.03202,NA,tuvastamata,0,0.051866
PaddleOCR,salami,/Users/reimozukker/Documents/tooteliin/salami/date/takt_10_s1_date.png,18.03.2026,1052026,NA,tuvastamata,0,0.051389
PaddleOCR,salami,/Users/reimozukker/Documents/tooteliin/salami/date/takt_10_s2_date.png,18.03.2026,6.052026,NA,tuvastamata,0,0.051389
PaddleOCR,salami,/Users/reimozukker/Documents/tooteliin/salami/date/takt_10_s3_date.png,18.03.2026,180EZ0ZE,NA,tuvastamata,0,0.051389
PaddleOCR,salami,/Users/reimozukker/Documents/tooteliin/salami/date/takt_10_s4_date.png,18.03.2026,18052026,18.05.2026,vale,0,0.051389
PaddleOCR,salami,/Users/reimozukker/Documents/tooteliin/salami/date/takt_11_s1_date.png,18.03.2026,18052026,18.05.2026,vale,0,0.051373
PaddleOCR,salami,/Users/reimozukker/Documents/tooteliin/salami/date/takt_11_s2_date.png,18.03.2026,W,NA,tuvastamata,0,0.051373
PaddleOCR,salami,/Users/reimozukker/Documents/tooteliin/salami/date/takt_11_s3_date.png,18.03.2026,18062026,18.06.2026,vale,0,0.051373
PaddleOCR,salami,/Users/reimozukker/Documents/tooteliin/salami/date/takt_11_s4_date.png,18.03.2026,18052023,18.05.2023,vale,0,0.051373
PaddleOCR,salami,/Users/reimozukker/Documents/tooteliin/salami/date/takt_12_s1_date.png,18.03.2026,18052026,18.05.2026,vale,0,0.051182
PaddleOCR,salami,/Users/reimozukker/Documents/tooteliin/salami/date/takt_12_s2_date.png,18.03.2026,C0LZE,NA,tuvastamata,0,0.051182
PaddleOCR,salami,/Users/reimozukker/Documents/tooteliin/salami/date/takt_12_s3_date.png,18.03.2026,18052026,18.05.2026,vale,0,0.051182
PaddleOCR,salami,/Users/reimozukker/Documents/tooteliin/salami/date/takt_12_s4_date.png,18.03.2026,180520257,NA,tuvastamata,0,0.051182
PaddleOCR,salami,/Users/reimozukker/Documents/tooteliin/salami/date/takt_13_s1_date.png,18.03.2026,19052026,19.05.2026,vale,0,0.051107
PaddleOCR,salami,/Users/reimozukker/Documents/tooteliin/salami/date/takt_13_s2_date.png,18.03.2026,,NA,tuvastamata,0,0.051107
PaddleOCR,salami,/Users/reimozukker/Documents/tooteliin/salami/date/takt_13_s3_date.png,18.03.2026,1805Z076,18.05.2076,vale,0,0.051107
PaddleOCR,salami,/Users/reimozukker/Documents/tooteliin/salami/date/takt_13_s4_date.png,18.03.2026,18052025,18.05.2025,vale,0,0.051107
PaddleOCR,salami,/Users/reimozukker/Documents/tooteliin/salami/date/takt_14_s1_date.png,18.03.2026,18052026,18.05.2026,vale,0,0.051072
PaddleOCR,salami,/Users/reimozukker/Documents/tooteliin/salami/date/takt_14_s2_date.png,18.03.2026,20570,NA,tuvastamata,0,0.051072
PaddleOCR,salami,/Users/reimozukker/Documents/tooteliin/salami/date/takt_14_s3_date.png,18.03.2026,18052026,18.05.2026,vale,0,0.051072
PaddleOCR,salami,/Users/reimozukker/Documents/tooteliin/salami/date/takt_14_s4_date.png,18.03.2026,1052126,NA,tuvastamata,0,0.051072
PaddleOCR,salami,/Users/reimozukker/Documents/tooteliin/salami/date/takt_15_s1_date.png,18.03.2026,10202E,NA,tuvastamata,0,0.052788
PaddleOCR,salami,/Users/reimozukker/Documents/tooteliin/salami/date/takt_15_s2_date.png,18.03.2026,8052070,NA,tuvastamata,0,0.052788
PaddleOCR,salami,/Users/reimozukker/Documents/tooteliin/salami/date/takt_15_s3_date.png,18.03.2026,16.05.202E,NA,tuvastamata,0,0.052788
PaddleOCR,salami,/Users/reimozukker/Documents/tooteliin/salami/date/takt_15_s4_date.png,18.03.2026,20EG,NA,tuvastamata,0,0.052788
PaddleOCR,salami,/Users/reimozukker/Documents/tooteliin/salami/date/takt_16_s1_date.png,18.03.2026,18982026,18.08.2026,vale,0,0.052503
PaddleOCR,salami,/Users/reimozukker/Documents/tooteliin/salami/date/takt_16_s2_date.png,18.03.2026,30G0,NA,tuvastamata,0,0.052503
PaddleOCR,salami,/Users/reimozukker/Documents/tooteliin/salami/date/takt_16_s3_date.png,18.03.2026,18062026,18.06.2026,vale,0,0.052503
PaddleOCR,salami,/Users/reimozukker/Documents/tooteliin/salami/date/takt_16_s4_date.png,18.03.2026,20.052026,20.05.2026,vale,0,0.052503
PaddleOCR,salami,/Users/reimozukker/Documents/tooteliin/salami/date/takt_17_s1_date.png,18.03.2026,18052026,18.05.2026,vale,0,0.051546
PaddleOCR,salami,/Users/reimozukker/Documents/tooteliin/salami/date/takt_17_s2_date.png,18.03.2026,0520,NA,tuvastamata,0,0.051546
PaddleOCR,salami,/Users/reimozukker/Documents/tooteliin/salami/date/takt_17_s3_date.png,18.03.2026,180E2026,NA,tuvastamata,0,0.051546
PaddleOCR,salami,/Users/reimozukker/Documents/tooteliin/salami/date/takt_17_s4_date.png,18.03.2026,1RO5202L,18.05.2021,vale,0,0.051546
PaddleOCR,salami,/Users/reimozukker/Documents/tooteliin/salami/date/takt_18_s1_date.png,18.03.2026,18082026,18.08.2026,vale,0,0.051089
PaddleOCR,salami,/Users/reimozukker/Documents/tooteliin/salami/date/takt_18_s2_date.png,18.03.2026,0,NA,tuvastamata,0,0.051089
PaddleOCR,salami,/Users/reimozukker/Documents/tooteliin/salami/date/takt_18_s3_date.png,18.03.2026,1805.2026,18.05.2026,vale,0,0.051089
PaddleOCR,salami,/Users/reimozukker/Documents/tooteliin/salami/date/takt_18_s4_date.png,18.03.2026,R05206L,NA,tuvastamata,0,0.051089
PaddleOCR,salami,/Users/reimozukker/Documents/tooteliin/salami/date/takt_19_s1_date.png,18.03.2026,10C2026,NA,tuvastamata,0,0.051105
PaddleOCR,salami,/Users/reimozukker/Documents/tooteliin/salami/date/takt_19_s2_date.png,18.03.2026,OSFO,NA,tuvastamata,0,0.051105
PaddleOCR,salami,/Users/reimozukker/Documents/tooteliin/salami/date/takt_19_s3_date.png,18.03.2026,1805.2026,18.05.2026,vale,0,0.051105
PaddleOCR,salami,/Users/reimozukker/Documents/tooteliin/salami/date/takt_19_s4_date.png,18.03.2026,1E152026,NA,tuvastamata,0,0.051105
PaddleOCR,salami,/Users/reimozukker/Documents/tooteliin/salami/date/takt_20_s1_date.png,18.03.2026,1052026,NA,tuvastamata,0,0.051102
PaddleOCR,salami,/Users/reimozukker/Documents/tooteliin/salami/date/takt_20_s2_date.png,18.03.2026,062026,NA,tuvastamata,0,0.051102
PaddleOCR,salami,/Users/reimozukker/Documents/tooteliin/salami/date/takt_20_s3_date.png,18.03.2026,180e2026,NA,tuvastamata,0,0.051102
PaddleOCR,salami,/Users/reimozukker/Documents/tooteliin/salami/date/takt_20_s4_date.png,18.03.2026,,NA,tuvastamata,0,0.051102
PaddleOCR,salami,/Users/reimozukker/Documents/tooteliin/salami/date/takt_3_s1_date.png,18.03.2026,18052026,18.05.2026,vale,0,0.051069
PaddleOCR,salami,/Users/reimozukker/Documents/tooteliin/salami/date/takt_3_s2_date.png,18.03.2026,,NA,tuvastamata,0,0.051069
PaddleOCR,salami,/Users/reimozukker/Documents/tooteliin/salami/date/takt_3_s3_date.png,18.03.2026,18052026,18.05.2026,vale,0,0.051069
PaddleOCR,salami,/Users/reimozukker/Documents/tooteliin/salami/date/takt_3_s4_date.png,18.03.2026,18052026,18.05.2026,vale,0,0.051069
PaddleOCR,salami,/Users/reimozukker/Documents/tooteliin/salami/date/takt_4_s1_date.png,18.03.2026,1052026,NA,tuvastamata,0,0.051048
PaddleOCR,salami,/Users/reimozukker/Documents/tooteliin/salami/date/takt_4_s2_date.png,18.03.2026,9.062026,NA,tuvastamata,0,0.051048
PaddleOCR,salami,/Users/reimozukker/Documents/tooteliin/salami/date/takt_4_s3_date.png,18.03.2026,18052026,18.05.2026,vale,0,0.051048
PaddleOCR,salami,/Users/reimozukker/Documents/tooteliin/salami/date/takt_4_s4_date.png,18.03.2026,18052026,18.05.2026,vale,0,0.051048
PaddleOCR,salami,/Users/reimozukker/Documents/tooteliin/salami/date/takt_5_s1_date.png,18.03.2026,18052026,18.05.2026,vale,0,0.051053
PaddleOCR,salami,/Users/reimozukker/Documents/tooteliin/salami/date/takt_5_s2_date.png,18.03.2026,0070么,NA,tuvastamata,0,0.051053
PaddleOCR,salami,/Users/reimozukker/Documents/tooteliin/salami/date/takt_5_s3_date.png,18.03.2026,18.052U26,NA,tuvastamata,0,0.051053
PaddleOCR,salami,/Users/reimozukker/Documents/tooteliin/salami/date/takt_5_s4_date.png,18.03.2026,18057026,18.05.7026,vale,0,0.051053
PaddleOCR,salami,/Users/reimozukker/Documents/tooteliin/salami/date/takt_6_s1_date.png,18.03.2026,18052026,18.05.2026,vale,0,0.051036
PaddleOCR,salami,/Users/reimozukker/Documents/tooteliin/salami/date/takt_6_s2_date.png,18.03.2026,8052,NA,tuvastamata,0,0.051036
PaddleOCR,salami,/Users/reimozukker/Documents/tooteliin/salami/date/takt_6_s3_date.png,18.03.2026,18052026,18.05.2026,vale,0,0.051036
PaddleOCR,salami,/Users/reimozukker/Documents/tooteliin/salami/date/takt_6_s4_date.png,18.03.2026,18052026,18.05.2026,vale,0,0.051036
PaddleOCR,salami,/Users/reimozukker/Documents/tooteliin/salami/date/takt_7_s1_date.png,18.03.2026,1015712,NA,tuvastamata,0,0.051143
PaddleOCR,salami,/Users/reimozukker/Documents/tooteliin/salami/date/takt_7_s2_date.png,18.03.2026,037020,NA,tuvastamata,0,0.051143
PaddleOCR,salami,/Users/reimozukker/Documents/tooteliin/salami/date/takt_7_s3_date.png,18.03.2026,18052026,18.05.2026,vale,0,0.051143
PaddleOCR,salami,/Users/reimozukker/Documents/tooteliin/salami/date/takt_7_s4_date.png,18.03.2026,TE05202,NA,tuvastamata,0,0.051143
PaddleOCR,salami,/Users/reimozukker/Documents/tooteliin/salami/date/takt_8_s1_date.png,18.03.2026,18052076,18.05.2076,vale,0,0.051170
PaddleOCR,salami,/Users/reimozukker/Documents/tooteliin/salami/date/takt_8_s2_date.png,18.03.2026,,NA,tuvastamata,0,0.051170
PaddleOCR,salami,/Users/reimozukker/Documents/tooteliin/salami/date/takt_8_s3_date.png,18.03.2026,18052026,18.05.2026,vale,0,0.051170
PaddleOCR,salami,/Users/reimozukker/Documents/tooteliin/salami/date/takt_8_s4_date.png,18.03.2026,18052026,18.05.2026,vale,0,0.051170
PaddleOCR,salami,/Users/reimozukker/Documents/tooteliin/salami/date/takt_9_s1_date.png,18.03.2026,18052026,18.05.2026,vale,0,0.051074
PaddleOCR,salami,/Users/reimozukker/Documents/tooteliin/salami/date/takt_9_s2_date.png,18.03.2026,2057020,NA,tuvastamata,0,0.051074
PaddleOCR,salami,/Users/reimozukker/Documents/tooteliin/salami/date/takt_9_s3_date.png,18.03.2026,18052026,18.05.2026,vale,0,0.051074
PaddleOCR,salami,/Users/reimozukker/Documents/tooteliin/salami/date/takt_9_s4_date.png,18.03.2026,1HU52023,NA,tuvastamata,0,0.051074
